old_code,new_code,effective_year,reason,is_verified
52480203,5248020,,Chuyên ngành/biến thể của mã ngành quốc gia (campus/CLC/chuyên ngành),false
7140114C,7140114,,Chuyên ngành/biến thể của mã ngành quốc gia (campus/CLC/chuyên ngành),false
7140114D,7140114,,Chuyên ngành/biến thể của mã ngành quốc gia (campus/CLC/chuyên ngành),false
7140201A,7140201,,Chuyên ngành/biến thể của mã ngành quốc gia (campus/CLC/chuyên ngành),false
7140201B,7140201,,Chuyên ngành/biến thể của mã ngành quốc gia (campus/CLC/chuyên ngành),false
7140201C,7140201,,Chuyên ngành/biến thể của mã ngành quốc gia (campus/CLC/chuyên ngành),false
7140201K,7140201,,Chuyên ngành/biến thể của mã ngành quốc gia (campus/CLC/chuyên ngành),false
7140202A,7140202,,Chuyên ngành/biến thể của mã ngành quốc gia (campus/CLC/chuyên ngành),false
7140202B,7140202,,Chuyên ngành/biến thể của mã ngành quốc gia (campus/CLC/chuyên ngành),false
7140202C,7140202,,Chuyên ngành/biến thể của mã ngành quốc gia (campus/CLC/chuyên ngành),false
7140202D,7140202,,Chuyên ngành/biến thể của mã ngành quốc gia (campus/CLC/chuyên ngành),false
7140202K,7140202,,Chuyên ngành/biến thể của mã ngành quốc gia (campus/CLC/chuyên ngành),false
7140203C,7140203,,Chuyên ngành/biến thể của mã ngành quốc gia (campus/CLC/chuyên ngành),false
7140203D,7140203,,Chuyên ngành/biến thể của mã ngành quốc gia (campus/CLC/chuyên ngành),false
7140204B,7140204,,Chuyên ngành/biến thể của mã ngành quốc gia (campus/CLC/chuyên ngành),false
7140204C,7140204,,Chuyên ngành/biến thể của mã ngành quốc gia (campus/CLC/chuyên ngành),false
7140205B,7140205,,Chuyên ngành/biến thể của mã ngành quốc gia (campus/CLC/chuyên ngành),false
7140205C,7140205,,Chuyên ngành/biến thể của mã ngành quốc gia (campus/CLC/chuyên ngành),false
7140206A,7140206,,Chuyên ngành/biến thể của mã ngành quốc gia (campus/CLC/chuyên ngành),false
7140208C,7140208,,Chuyên ngành/biến thể của mã ngành quốc gia (campus/CLC/chuyên ngành),false
7140208D,7140208,,Chuyên ngành/biến thể của mã ngành quốc gia (campus/CLC/chuyên ngành),false
7140209A,7140209,,Chuyên ngành/biến thể của mã ngành quốc gia (campus/CLC/chuyên ngành),false
7140209B,7140209,,Chuyên ngành/biến thể của mã ngành quốc gia (campus/CLC/chuyên ngành),false
7140209C,7140209,,Chuyên ngành/biến thể của mã ngành quốc gia (campus/CLC/chuyên ngành),false
7140209D,7140209,,Chuyên ngành/biến thể của mã ngành quốc gia (campus/CLC/chuyên ngành),false
7140209K,7140209,,Chuyên ngành/biến thể của mã ngành quốc gia (campus/CLC/chuyên ngành),false
7140210A,7140210,,Chuyên ngành/biến thể của mã ngành quốc gia (campus/CLC/chuyên ngành),false
7140210B,7140210,,Chuyên ngành/biến thể của mã ngành quốc gia (campus/CLC/chuyên ngành),false
7140210K,7140210,,Chuyên ngành/biến thể của mã ngành quốc gia (campus/CLC/chuyên ngành),false
7140211A,7140211,,Chuyên ngành/biến thể của mã ngành quốc gia (campus/CLC/chuyên ngành),false
7140211B,7140211,,Chuyên ngành/biến thể của mã ngành quốc gia (campus/CLC/chuyên ngành),false
7140211C,7140211,,Chuyên ngành/biến thể của mã ngành quốc gia (campus/CLC/chuyên ngành),false
7140211D,7140211,,Chuyên ngành/biến thể của mã ngành quốc gia (campus/CLC/chuyên ngành),false
7140211K,7140211,,Chuyên ngành/biến thể của mã ngành quốc gia (campus/CLC/chuyên ngành),false
7140212A,7140212,,Chuyên ngành/biến thể của mã ngành quốc gia (campus/CLC/chuyên ngành),false
7140212B,7140212,,Chuyên ngành/biến thể của mã ngành quốc gia (campus/CLC/chuyên ngành),false
7140212C,7140212,,Chuyên ngành/biến thể của mã ngành quốc gia (campus/CLC/chuyên ngành),false
7140212K,7140212,,Chuyên ngành/biến thể của mã ngành quốc gia (campus/CLC/chuyên ngành),false
7140213B,7140213,,Chuyên ngành/biến thể của mã ngành quốc gia (campus/CLC/chuyên ngành),false
7140213D,7140213,,Chuyên ngành/biến thể của mã ngành quốc gia (campus/CLC/chuyên ngành),false
7140217C,7140217,,Chuyên ngành/biến thể của mã ngành quốc gia (campus/CLC/chuyên ngành),false
7140217D,7140217,,Chuyên ngành/biến thể của mã ngành quốc gia (campus/CLC/chuyên ngành),false
7140218C,7140218,,Chuyên ngành/biến thể của mã ngành quốc gia (campus/CLC/chuyên ngành),false
7140218D,7140218,,Chuyên ngành/biến thể của mã ngành quốc gia (campus/CLC/chuyên ngành),false
7140219B,7140219,,Chuyên ngành/biến thể của mã ngành quốc gia (campus/CLC/chuyên ngành),false
7140219C,7140219,,Chuyên ngành/biến thể của mã ngành quốc gia (campus/CLC/chuyên ngành),false
7140221A,7140221,,Chuyên ngành/biến thể của mã ngành quốc gia (campus/CLC/chuyên ngành),false
7140221B,7140221,,Chuyên ngành/biến thể của mã ngành quốc gia (campus/CLC/chuyên ngành),false
7140222A,7140222,,Chuyên ngành/biến thể của mã ngành quốc gia (campus/CLC/chuyên ngành),false
7140222B,7140222,,Chuyên ngành/biến thể của mã ngành quốc gia (campus/CLC/chuyên ngành),false
7140231A,7140231,,Chuyên ngành/biến thể của mã ngành quốc gia (campus/CLC/chuyên ngành),false
7140231B,7140231,,Chuyên ngành/biến thể của mã ngành quốc gia (campus/CLC/chuyên ngành),false
7140233C,7140233,,Chuyên ngành/biến thể của mã ngành quốc gia (campus/CLC/chuyên ngành),false
7140233D,7140233,,Chuyên ngành/biến thể của mã ngành quốc gia (campus/CLC/chuyên ngành),false
7140246A,7140246,,Chuyên ngành/biến thể của mã ngành quốc gia (campus/CLC/chuyên ngành),false
7140246C,7140246,,Chuyên ngành/biến thể của mã ngành quốc gia (campus/CLC/chuyên ngành),false
7140246DKK,7140246,,Chuyên ngành/biến thể của mã ngành quốc gia (campus/CLC/chuyên ngành),false
7210105_1,7210105,,Chuyên ngành/biến thể của mã ngành quốc gia (campus/CLC/chuyên ngành),false
7210226B,7210226,,Chuyên ngành/biến thể của mã ngành quốc gia (campus/CLC/chuyên ngành),false
7210226C,7210226,,Chuyên ngành/biến thể của mã ngành quốc gia (campus/CLC/chuyên ngành),false
7210226E,7210226,,Chuyên ngành/biến thể của mã ngành quốc gia (campus/CLC/chuyên ngành),false
7210227A,7210227,,Chuyên ngành/biến thể của mã ngành quốc gia (campus/CLC/chuyên ngành),false
7210227B,7210227,,Chuyên ngành/biến thể của mã ngành quốc gia (campus/CLC/chuyên ngành),false
7210233A,7210233,,Chuyên ngành/biến thể của mã ngành quốc gia (campus/CLC/chuyên ngành),false
7210233B,7210233,,Chuyên ngành/biến thể của mã ngành quốc gia (campus/CLC/chuyên ngành),false
7210234A,7210234,,Chuyên ngành/biến thể của mã ngành quốc gia (campus/CLC/chuyên ngành),false
7210235A,7210235,,Chuyên ngành/biến thể của mã ngành quốc gia (campus/CLC/chuyên ngành),false
7210235B,7210235,,Chuyên ngành/biến thể của mã ngành quốc gia (campus/CLC/chuyên ngành),false
7210235C,7210235,,Chuyên ngành/biến thể của mã ngành quốc gia (campus/CLC/chuyên ngành),false
7210236A,7210236,,Chuyên ngành/biến thể của mã ngành quốc gia (campus/CLC/chuyên ngành),false
7210236B,7210236,,Chuyên ngành/biến thể của mã ngành quốc gia (campus/CLC/chuyên ngành),false
7210243A,7210243,,Chuyên ngành/biến thể của mã ngành quốc gia (campus/CLC/chuyên ngành),false
7210301A,7210301,,Chuyên ngành/biến thể của mã ngành quốc gia (campus/CLC/chuyên ngành),false
7210301B,7210301,,Chuyên ngành/biến thể của mã ngành quốc gia (campus/CLC/chuyên ngành),false
7210301C,7210301,,Chuyên ngành/biến thể của mã ngành quốc gia (campus/CLC/chuyên ngành),false
7210302A,7210302,,Chuyên ngành/biến thể của mã ngành quốc gia (campus/CLC/chuyên ngành),false
7210302B,7210302,,Chuyên ngành/biến thể của mã ngành quốc gia (campus/CLC/chuyên ngành),false
7210403_1,7210403,,Chuyên ngành/biến thể của mã ngành quốc gia (campus/CLC/chuyên ngành),false
7210406A,7210406,,Chuyên ngành/biến thể của mã ngành quốc gia (campus/CLC/chuyên ngành),false
7210406B,7210406,,Chuyên ngành/biến thể của mã ngành quốc gia (campus/CLC/chuyên ngành),false
7210406C,7210406,,Chuyên ngành/biến thể của mã ngành quốc gia (campus/CLC/chuyên ngành),false
7210406D,7210406,,Chuyên ngành/biến thể của mã ngành quốc gia (campus/CLC/chuyên ngành),false
7210406E,7210406,,Chuyên ngành/biến thể của mã ngành quốc gia (campus/CLC/chuyên ngành),false
7210406F,7210406,,Chuyên ngành/biến thể của mã ngành quốc gia (campus/CLC/chuyên ngành),false
7220101_A,7220101,,Chuyên ngành/biến thể của mã ngành quốc gia (campus/CLC/chuyên ngành),false
7220112A,7220112,,Chuyên ngành/biến thể của mã ngành quốc gia (campus/CLC/chuyên ngành),false
7220112B,7220112,,Chuyên ngành/biến thể của mã ngành quốc gia (campus/CLC/chuyên ngành),false
72202001,7220200,,Chuyên ngành/biến thể của mã ngành quốc gia (campus/CLC/chuyên ngành),false
7220201DKD,7220201,,Chuyên ngành/biến thể của mã ngành quốc gia (campus/CLC/chuyên ngành),false
7220201DKK,7220201,,Chuyên ngành/biến thể của mã ngành quốc gia (campus/CLC/chuyên ngành),false
7220201_Nam,7220201,,Chuyên ngành/biến thể của mã ngành quốc gia (campus/CLC/chuyên ngành),false
7220201_Nu,7220201,,Chuyên ngành/biến thể của mã ngành quốc gia (campus/CLC/chuyên ngành),false
7220202_Nam,7220202,,Chuyên ngành/biến thể của mã ngành quốc gia (campus/CLC/chuyên ngành),false
7220202_Nu,7220202,,Chuyên ngành/biến thể của mã ngành quốc gia (campus/CLC/chuyên ngành),false
7220204A,7220204,,Chuyên ngành/biến thể của mã ngành quốc gia (campus/CLC/chuyên ngành),false
7220204B,7220204,,Chuyên ngành/biến thể của mã ngành quốc gia (campus/CLC/chuyên ngành),false
7220204LK,7220204,,Chuyên ngành/biến thể của mã ngành quốc gia (campus/CLC/chuyên ngành),false
7220204_LK,7220204,,Chuyên ngành/biến thể của mã ngành quốc gia (campus/CLC/chuyên ngành),false
7220212QTD,7220212,,Chuyên ngành/biến thể của mã ngành quốc gia (campus/CLC/chuyên ngành),false
7229001B,7229001,,Chuyên ngành/biến thể của mã ngành quốc gia (campus/CLC/chuyên ngành),false
7229001C,7229001,,Chuyên ngành/biến thể của mã ngành quốc gia (campus/CLC/chuyên ngành),false
7229030C,7229030,,Chuyên ngành/biến thể của mã ngành quốc gia (campus/CLC/chuyên ngành),false
7229030D,7229030,,Chuyên ngành/biến thể của mã ngành quốc gia (campus/CLC/chuyên ngành),false
7229040A,7229040,,Chuyên ngành/biến thể của mã ngành quốc gia (campus/CLC/chuyên ngành),false
7229040B,7229040,,Chuyên ngành/biến thể của mã ngành quốc gia (campus/CLC/chuyên ngành),false
7229040C,7229040,,Chuyên ngành/biến thể của mã ngành quốc gia (campus/CLC/chuyên ngành),false
7229042A,7229042,,Chuyên ngành/biến thể của mã ngành quốc gia (campus/CLC/chuyên ngành),false
7229042B,7229042,,Chuyên ngành/biến thể của mã ngành quốc gia (campus/CLC/chuyên ngành),false
7229042C,7229042,,Chuyên ngành/biến thể của mã ngành quốc gia (campus/CLC/chuyên ngành),false
7229042D,7229042,,Chuyên ngành/biến thể của mã ngành quốc gia (campus/CLC/chuyên ngành),false
7229042E,7229042,,Chuyên ngành/biến thể của mã ngành quốc gia (campus/CLC/chuyên ngành),false
73101011,7310101,,Chuyên ngành/biến thể của mã ngành quốc gia (campus/CLC/chuyên ngành),false
73101012,7310101,,Chuyên ngành/biến thể của mã ngành quốc gia (campus/CLC/chuyên ngành),false
73101013,7310101,,Chuyên ngành/biến thể của mã ngành quốc gia (campus/CLC/chuyên ngành),false
7310101A,7310101,,Chuyên ngành/biến thể của mã ngành quốc gia (campus/CLC/chuyên ngành),false
7310101B,7310101,,Chuyên ngành/biến thể của mã ngành quốc gia (campus/CLC/chuyên ngành),false
7310101E,7310101,,Chuyên ngành/biến thể của mã ngành quốc gia (campus/CLC/chuyên ngành),false
7310101_1,7310101,,Chuyên ngành/biến thể của mã ngành quốc gia (campus/CLC/chuyên ngành),false
7310101_2,7310101,,Chuyên ngành/biến thể của mã ngành quốc gia (campus/CLC/chuyên ngành),false
7310101_3,7310101,,Chuyên ngành/biến thể của mã ngành quốc gia (campus/CLC/chuyên ngành),false
7310104QT12,7310104,,Chuyên ngành/biến thể của mã ngành quốc gia (campus/CLC/chuyên ngành),false
7310106_1,7310106,,Chuyên ngành/biến thể của mã ngành quốc gia (campus/CLC/chuyên ngành),false
7310106_2,7310106,,Chuyên ngành/biến thể của mã ngành quốc gia (campus/CLC/chuyên ngành),false
7310106_CLC,7310106,,Chuyên ngành/biến thể của mã ngành quốc gia (campus/CLC/chuyên ngành),false
7310110DKK,7310110,,Chuyên ngành/biến thể của mã ngành quốc gia (campus/CLC/chuyên ngành),false
7310201B,7310201,,Chuyên ngành/biến thể của mã ngành quốc gia (campus/CLC/chuyên ngành),false
7310201C,7310201,,Chuyên ngành/biến thể của mã ngành quốc gia (campus/CLC/chuyên ngành),false
7310202_Nam_B,7310202,,Chuyên ngành/biến thể của mã ngành quốc gia (campus/CLC/chuyên ngành),false
7310202_Nam_N,7310202,,Chuyên ngành/biến thể của mã ngành quốc gia (campus/CLC/chuyên ngành),false
7310202_Nu_B,7310202,,Chuyên ngành/biến thể của mã ngành quốc gia (campus/CLC/chuyên ngành),false
7310202_Nu_N,7310202,,Chuyên ngành/biến thể của mã ngành quốc gia (campus/CLC/chuyên ngành),false
7310205HCM,7310205,,Chuyên ngành/biến thể của mã ngành quốc gia (campus/CLC/chuyên ngành),false
7310205QN,7310205,,Chuyên ngành/biến thể của mã ngành quốc gia (campus/CLC/chuyên ngành),false
7310205TP-HCM,7310205,,Chuyên ngành/biến thể của mã ngành quốc gia (campus/CLC/chuyên ngành),false
7310401A,7310401,,Chuyên ngành/biến thể của mã ngành quốc gia (campus/CLC/chuyên ngành),false
7310401B,7310401,,Chuyên ngành/biến thể của mã ngành quốc gia (campus/CLC/chuyên ngành),false
7310401C,7310401,,Chuyên ngành/biến thể của mã ngành quốc gia (campus/CLC/chuyên ngành),false
7310401D,7310401,,Chuyên ngành/biến thể của mã ngành quốc gia (campus/CLC/chuyên ngành),false
7310403C,7310403,,Chuyên ngành/biến thể của mã ngành quốc gia (campus/CLC/chuyên ngành),false
7310403D,7310403,,Chuyên ngành/biến thể của mã ngành quốc gia (campus/CLC/chuyên ngành),false
7310630C,7310630,,Chuyên ngành/biến thể của mã ngành quốc gia (campus/CLC/chuyên ngành),false
7310630D,7310630,,Chuyên ngành/biến thể của mã ngành quốc gia (campus/CLC/chuyên ngành),false
7310630_A,7310630,,Chuyên ngành/biến thể của mã ngành quốc gia (campus/CLC/chuyên ngành),false
73201041,7320104,,Chuyên ngành/biến thể của mã ngành quốc gia (campus/CLC/chuyên ngành),false
7320104_CLC,7320104,,Chuyên ngành/biến thể của mã ngành quốc gia (campus/CLC/chuyên ngành),false
7320104_LK,7320104,,Chuyên ngành/biến thể của mã ngành quốc gia (campus/CLC/chuyên ngành),false
7320201A,7320201,,Chuyên ngành/biến thể của mã ngành quốc gia (campus/CLC/chuyên ngành),false
7320201B,7320201,,Chuyên ngành/biến thể của mã ngành quốc gia (campus/CLC/chuyên ngành),false
7320303TP-HCM,7320303,,Chuyên ngành/biến thể của mã ngành quốc gia (campus/CLC/chuyên ngành),false
7329001_,7329001,,Chuyên ngành/biến thể của mã ngành quốc gia (campus/CLC/chuyên ngành),false
7329001_GAM,7329001,,Chuyên ngành/biến thể của mã ngành quốc gia (campus/CLC/chuyên ngành),false
7329001_LK,7329001,,Chuyên ngành/biến thể của mã ngành quốc gia (campus/CLC/chuyên ngành),false
7329001_VHO,7329001,,Chuyên ngành/biến thể của mã ngành quốc gia (campus/CLC/chuyên ngành),false
734010101,7340101,,Chuyên ngành/biến thể của mã ngành quốc gia (campus/CLC/chuyên ngành),false
73401012,7340101,,Chuyên ngành/biến thể của mã ngành quốc gia (campus/CLC/chuyên ngành),false
7340101A,7340101,,Chuyên ngành/biến thể của mã ngành quốc gia (campus/CLC/chuyên ngành),false
7340101B,7340101,,Chuyên ngành/biến thể của mã ngành quốc gia (campus/CLC/chuyên ngành),false
7340101C,7340101,,Chuyên ngành/biến thể của mã ngành quốc gia (campus/CLC/chuyên ngành),false
7340101CLC,7340101,,Chuyên ngành/biến thể của mã ngành quốc gia (campus/CLC/chuyên ngành),false
7340101DKD,7340101,,Chuyên ngành/biến thể của mã ngành quốc gia (campus/CLC/chuyên ngành),false
7340101DKK,7340101,,Chuyên ngành/biến thể của mã ngành quốc gia (campus/CLC/chuyên ngành),false
7340101E,7340101,,Chuyên ngành/biến thể của mã ngành quốc gia (campus/CLC/chuyên ngành),false
7340101LK,7340101,,Chuyên ngành/biến thể của mã ngành quốc gia (campus/CLC/chuyên ngành),false
7340101P,7340101,,Chuyên ngành/biến thể của mã ngành quốc gia (campus/CLC/chuyên ngành),false
7340101QT,7340101,,Chuyên ngành/biến thể của mã ngành quốc gia (campus/CLC/chuyên ngành),false
7340101QT03,7340101,,Chuyên ngành/biến thể của mã ngành quốc gia (campus/CLC/chuyên ngành),false
7340101TA,7340101,,Chuyên ngành/biến thể của mã ngành quốc gia (campus/CLC/chuyên ngành),false
7340101_,7340101,,Chuyên ngành/biến thể của mã ngành quốc gia (campus/CLC/chuyên ngành),false
7340101_1,7340101,,Chuyên ngành/biến thể của mã ngành quốc gia (campus/CLC/chuyên ngành),false
7340101_2,7340101,,Chuyên ngành/biến thể của mã ngành quốc gia (campus/CLC/chuyên ngành),false
7340101_AP,7340101,,Chuyên ngành/biến thể của mã ngành quốc gia (campus/CLC/chuyên ngành),false
7340101_IU,7340101,,Chuyên ngành/biến thể của mã ngành quốc gia (campus/CLC/chuyên ngành),false
7340101_IV,7340101,,Chuyên ngành/biến thể của mã ngành quốc gia (campus/CLC/chuyên ngành),false
7340101_LOG,7340101,,Chuyên ngành/biến thể của mã ngành quốc gia (campus/CLC/chuyên ngành),false
7340101_LTT,7340101,,Chuyên ngành/biến thể của mã ngành quốc gia (campus/CLC/chuyên ngành),false
7340110QT,7340110,,Chuyên ngành/biến thể của mã ngành quốc gia (campus/CLC/chuyên ngành),false
7340115DKD,7340115,,Chuyên ngành/biến thể của mã ngành quốc gia (campus/CLC/chuyên ngành),false
7340115DKK,7340115,,Chuyên ngành/biến thể của mã ngành quốc gia (campus/CLC/chuyên ngành),false
7340115QT11,7340115,,Chuyên ngành/biến thể của mã ngành quốc gia (campus/CLC/chuyên ngành),false
7340115TA,7340115,,Chuyên ngành/biến thể của mã ngành quốc gia (campus/CLC/chuyên ngành),false
7340115_2,7340115,,Chuyên ngành/biến thể của mã ngành quốc gia (campus/CLC/chuyên ngành),false
7340115_CLC,7340115,,Chuyên ngành/biến thể của mã ngành quốc gia (campus/CLC/chuyên ngành),false
7340115_QHC,7340115,,Chuyên ngành/biến thể của mã ngành quốc gia (campus/CLC/chuyên ngành),false
7340116QT09,7340116,,Chuyên ngành/biến thể của mã ngành quốc gia (campus/CLC/chuyên ngành),false
7340120QT15,7340120,,Chuyên ngành/biến thể của mã ngành quốc gia (campus/CLC/chuyên ngành),false
7340120_LK,7340120,,Chuyên ngành/biến thể của mã ngành quốc gia (campus/CLC/chuyên ngành),false
7340121DKD,7340121,,Chuyên ngành/biến thể của mã ngành quốc gia (campus/CLC/chuyên ngành),false
7340121DKK,7340121,,Chuyên ngành/biến thể của mã ngành quốc gia (campus/CLC/chuyên ngành),false
73402011,7340201,,Chuyên ngành/biến thể của mã ngành quốc gia (campus/CLC/chuyên ngành),false
73402012,7340201,,Chuyên ngành/biến thể của mã ngành quốc gia (campus/CLC/chuyên ngành),false
73402013,7340201,,Chuyên ngành/biến thể của mã ngành quốc gia (campus/CLC/chuyên ngành),false
7340201A,7340201,,Chuyên ngành/biến thể của mã ngành quốc gia (campus/CLC/chuyên ngành),false
7340201B,7340201,,Chuyên ngành/biến thể của mã ngành quốc gia (campus/CLC/chuyên ngành),false
7340201C06,7340201,,Chuyên ngành/biến thể của mã ngành quốc gia (campus/CLC/chuyên ngành),false
7340201C09,7340201,,Chuyên ngành/biến thể của mã ngành quốc gia (campus/CLC/chuyên ngành),false
7340201C11,7340201,,Chuyên ngành/biến thể của mã ngành quốc gia (campus/CLC/chuyên ngành),false
7340201D,7340201,,Chuyên ngành/biến thể của mã ngành quốc gia (campus/CLC/chuyên ngành),false
7340201DKD,7340201,,Chuyên ngành/biến thể của mã ngành quốc gia (campus/CLC/chuyên ngành),false
7340201DKK,7340201,,Chuyên ngành/biến thể của mã ngành quốc gia (campus/CLC/chuyên ngành),false
7340201QT01,7340201,,Chuyên ngành/biến thể của mã ngành quốc gia (campus/CLC/chuyên ngành),false
7340201TA,7340201,,Chuyên ngành/biến thể của mã ngành quốc gia (campus/CLC/chuyên ngành),false
7340201_1,7340201,,Chuyên ngành/biến thể của mã ngành quốc gia (campus/CLC/chuyên ngành),false
7340201_2,7340201,,Chuyên ngành/biến thể của mã ngành quốc gia (campus/CLC/chuyên ngành),false
7340201_AP,7340201,,Chuyên ngành/biến thể của mã ngành quốc gia (campus/CLC/chuyên ngành),false
7340201_AP_NH,7340201,,Chuyên ngành/biến thể của mã ngành quốc gia (campus/CLC/chuyên ngành),false
7340201_AP_TC,7340201,,Chuyên ngành/biến thể của mã ngành quốc gia (campus/CLC/chuyên ngành),false
7340201_CLC,7340201,,Chuyên ngành/biến thể của mã ngành quốc gia (campus/CLC/chuyên ngành),false
7340201_DAT,7340201,,Chuyên ngành/biến thể của mã ngành quốc gia (campus/CLC/chuyên ngành),false
7340201_NH,7340201,,Chuyên ngành/biến thể của mã ngành quốc gia (campus/CLC/chuyên ngành),false
7340201_TC,7340201,,Chuyên ngành/biến thể của mã ngành quốc gia (campus/CLC/chuyên ngành),false
7340204A,7340204,,Chuyên ngành/biến thể của mã ngành quốc gia (campus/CLC/chuyên ngành),false
7340204B,7340204,,Chuyên ngành/biến thể của mã ngành quốc gia (campus/CLC/chuyên ngành),false
7340204C,7340204,,Chuyên ngành/biến thể của mã ngành quốc gia (campus/CLC/chuyên ngành),false
7340204DKD,7340204,,Chuyên ngành/biến thể của mã ngành quốc gia (campus/CLC/chuyên ngành),false
7340204DKK,7340204,,Chuyên ngành/biến thể của mã ngành quốc gia (campus/CLC/chuyên ngành),false
7340205_LK,7340205,,Chuyên ngành/biến thể của mã ngành quốc gia (campus/CLC/chuyên ngành),false
7340301A,7340301,,Chuyên ngành/biến thể của mã ngành quốc gia (campus/CLC/chuyên ngành),false
7340301B,7340301,,Chuyên ngành/biến thể của mã ngành quốc gia (campus/CLC/chuyên ngành),false
7340301C,7340301,,Chuyên ngành/biến thể của mã ngành quốc gia (campus/CLC/chuyên ngành),false
7340301C21,7340301,,Chuyên ngành/biến thể của mã ngành quốc gia (campus/CLC/chuyên ngành),false
7340301C22,7340301,,Chuyên ngành/biến thể của mã ngành quốc gia (campus/CLC/chuyên ngành),false
7340301D,7340301,,Chuyên ngành/biến thể của mã ngành quốc gia (campus/CLC/chuyên ngành),false
7340301DKD,7340301,,Chuyên ngành/biến thể của mã ngành quốc gia (campus/CLC/chuyên ngành),false
7340301DKK,7340301,,Chuyên ngành/biến thể của mã ngành quốc gia (campus/CLC/chuyên ngành),false
7340301PH,7340301,,Chuyên ngành/biến thể của mã ngành quốc gia (campus/CLC/chuyên ngành),false
7340301QT,7340301,,Chuyên ngành/biến thể của mã ngành quốc gia (campus/CLC/chuyên ngành),false
7340301QT02,7340301,,Chuyên ngành/biến thể của mã ngành quốc gia (campus/CLC/chuyên ngành),false
7340301TA,7340301,,Chuyên ngành/biến thể của mã ngành quốc gia (campus/CLC/chuyên ngành),false
7340301TN,7340301,,Chuyên ngành/biến thể của mã ngành quốc gia (campus/CLC/chuyên ngành),false
7340301VP,7340301,,Chuyên ngành/biến thể của mã ngành quốc gia (campus/CLC/chuyên ngành),false
7340301_2,7340301,,Chuyên ngành/biến thể của mã ngành quốc gia (campus/CLC/chuyên ngành),false
7340301_AP,7340301,,Chuyên ngành/biến thể của mã ngành quốc gia (campus/CLC/chuyên ngành),false
7340301_CLC,7340301,,Chuyên ngành/biến thể của mã ngành quốc gia (campus/CLC/chuyên ngành),false
7340301_I,7340301,,Chuyên ngành/biến thể của mã ngành quốc gia (campus/CLC/chuyên ngành),false
7340301_J,7340301,,Chuyên ngành/biến thể của mã ngành quốc gia (campus/CLC/chuyên ngành),false
7340302C21,7340302,,Chuyên ngành/biến thể của mã ngành quốc gia (campus/CLC/chuyên ngành),false
7340302C22,7340302,,Chuyên ngành/biến thể của mã ngành quốc gia (campus/CLC/chuyên ngành),false
7340302DKD,7340302,,Chuyên ngành/biến thể của mã ngành quốc gia (campus/CLC/chuyên ngành),false
7340302DKK,7340302,,Chuyên ngành/biến thể của mã ngành quốc gia (campus/CLC/chuyên ngành),false
7340302QT10,7340302,,Chuyên ngành/biến thể của mã ngành quốc gia (campus/CLC/chuyên ngành),false
7340404A,7340404,,Chuyên ngành/biến thể của mã ngành quốc gia (campus/CLC/chuyên ngành),false
7340404B,7340404,,Chuyên ngành/biến thể của mã ngành quốc gia (campus/CLC/chuyên ngành),false
7340404C,7340404,,Chuyên ngành/biến thể của mã ngành quốc gia (campus/CLC/chuyên ngành),false
7340404QN,7340404,,Chuyên ngành/biến thể của mã ngành quốc gia (campus/CLC/chuyên ngành),false
7340405_J,7340405,,Chuyên ngành/biến thể của mã ngành quốc gia (campus/CLC/chuyên ngành),false
7340406HCM,7340406,,Chuyên ngành/biến thể của mã ngành quốc gia (campus/CLC/chuyên ngành),false
7340406QN,7340406,,Chuyên ngành/biến thể của mã ngành quốc gia (campus/CLC/chuyên ngành),false
7340406TP-HCM,7340406,,Chuyên ngành/biến thể của mã ngành quốc gia (campus/CLC/chuyên ngành),false
7380101CLC,7380101,,Chuyên ngành/biến thể của mã ngành quốc gia (campus/CLC/chuyên ngành),false
7380101HCM,7380101,,Chuyên ngành/biến thể của mã ngành quốc gia (campus/CLC/chuyên ngành),false
7380101LK,7380101,,Chuyên ngành/biến thể của mã ngành quốc gia (campus/CLC/chuyên ngành),false
7380101PH,7380101,,Chuyên ngành/biến thể của mã ngành quốc gia (campus/CLC/chuyên ngành),false
7380101QN,7380101,,Chuyên ngành/biến thể của mã ngành quốc gia (campus/CLC/chuyên ngành),false
7380101TP-HCM,7380101,,Chuyên ngành/biến thể của mã ngành quốc gia (campus/CLC/chuyên ngành),false
7380101_B,7380101,,Chuyên ngành/biến thể của mã ngành quốc gia (campus/CLC/chuyên ngành),false
7380101_C00,7380101,,Chuyên ngành/biến thể của mã ngành quốc gia (campus/CLC/chuyên ngành),false
7380101_N,7380101,,Chuyên ngành/biến thể của mã ngành quốc gia (campus/CLC/chuyên ngành),false
7380107_A,7380107,,Chuyên ngành/biến thể của mã ngành quốc gia (campus/CLC/chuyên ngành),false
7380107_C,7380107,,Chuyên ngành/biến thể của mã ngành quốc gia (campus/CLC/chuyên ngành),false
7380107_C00,7380107,,Chuyên ngành/biến thể của mã ngành quốc gia (campus/CLC/chuyên ngành),false
7380108_C00,7380108,,Chuyên ngành/biến thể của mã ngành quốc gia (campus/CLC/chuyên ngành),false
7420101B,7420101,,Chuyên ngành/biến thể của mã ngành quốc gia (campus/CLC/chuyên ngành),false
7420101D,7420101,,Chuyên ngành/biến thể của mã ngành quốc gia (campus/CLC/chuyên ngành),false
7440112A,7440112,,Chuyên ngành/biến thể của mã ngành quốc gia (campus/CLC/chuyên ngành),false
7440112B,7440112,,Chuyên ngành/biến thể của mã ngành quốc gia (campus/CLC/chuyên ngành),false
7440112D,7440112,,Chuyên ngành/biến thể của mã ngành quốc gia (campus/CLC/chuyên ngành),false
7460101A,7460101,,Chuyên ngành/biến thể của mã ngành quốc gia (campus/CLC/chuyên ngành),false
7460101B,7460101,,Chuyên ngành/biến thể của mã ngành quốc gia (campus/CLC/chuyên ngành),false
7460101D,7460101,,Chuyên ngành/biến thể của mã ngành quốc gia (campus/CLC/chuyên ngành),false
7460108DKD,7460108,,Chuyên ngành/biến thể của mã ngành quốc gia (campus/CLC/chuyên ngành),false
7460108DKK,7460108,,Chuyên ngành/biến thể của mã ngành quốc gia (campus/CLC/chuyên ngành),false
74801012,7480101,,Chuyên ngành/biến thể của mã ngành quốc gia (campus/CLC/chuyên ngành),false
7480101TA,7480101,,Chuyên ngành/biến thể của mã ngành quốc gia (campus/CLC/chuyên ngành),false
7480101_QT,7480101,,Chuyên ngành/biến thể của mã ngành quốc gia (campus/CLC/chuyên ngành),false
7480102DKD,7480102,,Chuyên ngành/biến thể của mã ngành quốc gia (campus/CLC/chuyên ngành),false
7480102DKK,7480102,,Chuyên ngành/biến thể của mã ngành quốc gia (campus/CLC/chuyên ngành),false
74801081,7480108,,Chuyên ngành/biến thể của mã ngành quốc gia (campus/CLC/chuyên ngành),false
7480108DKD,7480108,,Chuyên ngành/biến thể của mã ngành quốc gia (campus/CLC/chuyên ngành),false
7480108DKK,7480108,,Chuyên ngành/biến thể của mã ngành quốc gia (campus/CLC/chuyên ngành),false
74802011,7480201,,Chuyên ngành/biến thể của mã ngành quốc gia (campus/CLC/chuyên ngành),false
74802012,7480201,,Chuyên ngành/biến thể của mã ngành quốc gia (campus/CLC/chuyên ngành),false
7480201A,7480201,,Chuyên ngành/biến thể của mã ngành quốc gia (campus/CLC/chuyên ngành),false
7480201B,7480201,,Chuyên ngành/biến thể của mã ngành quốc gia (campus/CLC/chuyên ngành),false
7480201DKD,7480201,,Chuyên ngành/biến thể của mã ngành quốc gia (campus/CLC/chuyên ngành),false
7480201DKK,7480201,,Chuyên ngành/biến thể của mã ngành quốc gia (campus/CLC/chuyên ngành),false
7480201KA,7480201,,Chuyên ngành/biến thể của mã ngành quốc gia (campus/CLC/chuyên ngành),false
7480201KMA,7480201,,Chuyên ngành/biến thể của mã ngành quốc gia (campus/CLC/chuyên ngành),false
7480201KMP,7480201,,Chuyên ngành/biến thể của mã ngành quốc gia (campus/CLC/chuyên ngành),false
7480201PH,7480201,,Chuyên ngành/biến thể của mã ngành quốc gia (campus/CLC/chuyên ngành),false
7480201QT,7480201,,Chuyên ngành/biến thể của mã ngành quốc gia (campus/CLC/chuyên ngành),false
7480201TA,7480201,,Chuyên ngành/biến thể của mã ngành quốc gia (campus/CLC/chuyên ngành),false
7480201TN,7480201,,Chuyên ngành/biến thể của mã ngành quốc gia (campus/CLC/chuyên ngành),false
7480201VP,7480201,,Chuyên ngành/biến thể của mã ngành quốc gia (campus/CLC/chuyên ngành),false
7480201_01,7480201,,Chuyên ngành/biến thể của mã ngành quốc gia (campus/CLC/chuyên ngành),false
7480201_02,7480201,,Chuyên ngành/biến thể của mã ngành quốc gia (campus/CLC/chuyên ngành),false
7480201_1,7480201,,Chuyên ngành/biến thể của mã ngành quốc gia (campus/CLC/chuyên ngành),false
7480201_2,7480201,,Chuyên ngành/biến thể của mã ngành quốc gia (campus/CLC/chuyên ngành),false
7480201_CLC,7480201,,Chuyên ngành/biến thể của mã ngành quốc gia (campus/CLC/chuyên ngành),false
7480201_J,7480201,,Chuyên ngành/biến thể của mã ngành quốc gia (campus/CLC/chuyên ngành),false
7480201_LK,7480201,,Chuyên ngành/biến thể của mã ngành quốc gia (campus/CLC/chuyên ngành),false
7480201_Nam,7480201,,Chuyên ngành/biến thể của mã ngành quốc gia (campus/CLC/chuyên ngành),false
7480201_UDU,7480201,,Chuyên ngành/biến thể của mã ngành quốc gia (campus/CLC/chuyên ngành),false
7480201_VNH,7480201,,Chuyên ngành/biến thể của mã ngành quốc gia (campus/CLC/chuyên ngành),false
74802021,7480202,,Chuyên ngành/biến thể của mã ngành quốc gia (campus/CLC/chuyên ngành),false
7480202KA,7480202,,Chuyên ngành/biến thể của mã ngành quốc gia (campus/CLC/chuyên ngành),false
7480202KMA,7480202,,Chuyên ngành/biến thể của mã ngành quốc gia (campus/CLC/chuyên ngành),false
7480202KMP,7480202,,Chuyên ngành/biến thể của mã ngành quốc gia (campus/CLC/chuyên ngành),false
7480202_CLC,7480202,,Chuyên ngành/biến thể của mã ngành quốc gia (campus/CLC/chuyên ngành),false
7510102TN,7510102,,Chuyên ngành/biến thể của mã ngành quốc gia (campus/CLC/chuyên ngành),false
7510102VP,7510102,,Chuyên ngành/biến thể của mã ngành quốc gia (campus/CLC/chuyên ngành),false
7510104TN,7510104,,Chuyên ngành/biến thể của mã ngành quốc gia (campus/CLC/chuyên ngành),false
7510104VP,7510104,,Chuyên ngành/biến thể của mã ngành quốc gia (campus/CLC/chuyên ngành),false
75102012,7510201,,Chuyên ngành/biến thể của mã ngành quốc gia (campus/CLC/chuyên ngành),false
75102013,7510201,,Chuyên ngành/biến thể của mã ngành quốc gia (campus/CLC/chuyên ngành),false
7510201DKD,7510201,,Chuyên ngành/biến thể của mã ngành quốc gia (campus/CLC/chuyên ngành),false
7510201DKK,7510201,,Chuyên ngành/biến thể của mã ngành quốc gia (campus/CLC/chuyên ngành),false
7510201TA,7510201,,Chuyên ngành/biến thể của mã ngành quốc gia (campus/CLC/chuyên ngành),false
75102032,7510203,,Chuyên ngành/biến thể của mã ngành quốc gia (campus/CLC/chuyên ngành),false
75102033,7510203,,Chuyên ngành/biến thể của mã ngành quốc gia (campus/CLC/chuyên ngành),false
7510203DKD,7510203,,Chuyên ngành/biến thể của mã ngành quốc gia (campus/CLC/chuyên ngành),false
7510203DKK,7510203,,Chuyên ngành/biến thể của mã ngành quốc gia (campus/CLC/chuyên ngành),false
7510203TA,7510203,,Chuyên ngành/biến thể của mã ngành quốc gia (campus/CLC/chuyên ngành),false
7510205DKD,7510205,,Chuyên ngành/biến thể của mã ngành quốc gia (campus/CLC/chuyên ngành),false
7510205DKK,7510205,,Chuyên ngành/biến thể của mã ngành quốc gia (campus/CLC/chuyên ngành),false
7510205TA,7510205,,Chuyên ngành/biến thể của mã ngành quốc gia (campus/CLC/chuyên ngành),false
7510205TN,7510205,,Chuyên ngành/biến thể của mã ngành quốc gia (campus/CLC/chuyên ngành),false
7510205VP,7510205,,Chuyên ngành/biến thể của mã ngành quốc gia (campus/CLC/chuyên ngành),false
7510301DKD,7510301,,Chuyên ngành/biến thể của mã ngành quốc gia (campus/CLC/chuyên ngành),false
7510301DKK,7510301,,Chuyên ngành/biến thể của mã ngành quốc gia (campus/CLC/chuyên ngành),false
7510301TA,7510301,,Chuyên ngành/biến thể của mã ngành quốc gia (campus/CLC/chuyên ngành),false
7510301_MBD,7510301,,Chuyên ngành/biến thể của mã ngành quốc gia (campus/CLC/chuyên ngành),false
75103021,7510302,,Chuyên ngành/biến thể của mã ngành quốc gia (campus/CLC/chuyên ngành),false
7510302DKD,7510302,,Chuyên ngành/biến thể của mã ngành quốc gia (campus/CLC/chuyên ngành),false
7510302DKK,7510302,,Chuyên ngành/biến thể của mã ngành quốc gia (campus/CLC/chuyên ngành),false
7510302TA,7510302,,Chuyên ngành/biến thể của mã ngành quốc gia (campus/CLC/chuyên ngành),false
7510302VP,7510302,,Chuyên ngành/biến thể của mã ngành quốc gia (campus/CLC/chuyên ngành),false
75103031,7510303,,Chuyên ngành/biến thể của mã ngành quốc gia (campus/CLC/chuyên ngành),false
7510303DKD,7510303,,Chuyên ngành/biến thể của mã ngành quốc gia (campus/CLC/chuyên ngành),false
7510303DKK,7510303,,Chuyên ngành/biến thể của mã ngành quốc gia (campus/CLC/chuyên ngành),false
7510406PH,7510406,,Chuyên ngành/biến thể của mã ngành quốc gia (campus/CLC/chuyên ngành),false
7510605DKD,7510605,,Chuyên ngành/biến thể của mã ngành quốc gia (campus/CLC/chuyên ngành),false
7510605DKK,7510605,,Chuyên ngành/biến thể của mã ngành quốc gia (campus/CLC/chuyên ngành),false
7510605VP,7510605,,Chuyên ngành/biến thể của mã ngành quốc gia (campus/CLC/chuyên ngành),false
7510605_01,7510605,,Chuyên ngành/biến thể của mã ngành quốc gia (campus/CLC/chuyên ngành),false
7510605_02,7510605,,Chuyên ngành/biến thể của mã ngành quốc gia (campus/CLC/chuyên ngành),false
75190071,7519007,,Chuyên ngành/biến thể của mã ngành quốc gia (campus/CLC/chuyên ngành),false
7520101_01,7520101,,Chuyên ngành/biến thể của mã ngành quốc gia (campus/CLC/chuyên ngành),false
7520101_03,7520101,,Chuyên ngành/biến thể của mã ngành quốc gia (campus/CLC/chuyên ngành),false
7520101_04,7520101,,Chuyên ngành/biến thể của mã ngành quốc gia (campus/CLC/chuyên ngành),false
7520103QT,7520103,,Chuyên ngành/biến thể của mã ngành quốc gia (campus/CLC/chuyên ngành),false
7520103_01,7520103,,Chuyên ngành/biến thể của mã ngành quốc gia (campus/CLC/chuyên ngành),false
7520103_02,7520103,,Chuyên ngành/biến thể của mã ngành quốc gia (campus/CLC/chuyên ngành),false
7520103_03,7520103,,Chuyên ngành/biến thể của mã ngành quốc gia (campus/CLC/chuyên ngành),false
7520103_04,7520103,,Chuyên ngành/biến thể của mã ngành quốc gia (campus/CLC/chuyên ngành),false
7520207_,7520207,,Chuyên ngành/biến thể của mã ngành quốc gia (campus/CLC/chuyên ngành),false
7520207_AIoT,7520207,,Chuyên ngành/biến thể của mã ngành quốc gia (campus/CLC/chuyên ngành),false
7520207_THV,7520207,,Chuyên ngành/biến thể của mã ngành quốc gia (campus/CLC/chuyên ngành),false
7520216_UAV,7520216,,Chuyên ngành/biến thể của mã ngành quốc gia (campus/CLC/chuyên ngành),false
7520503PH,7520503,,Chuyên ngành/biến thể của mã ngành quốc gia (campus/CLC/chuyên ngành),false
7540101DKD,7540101,,Chuyên ngành/biến thể của mã ngành quốc gia (campus/CLC/chuyên ngành),false
7540101DKK,7540101,,Chuyên ngành/biến thể của mã ngành quốc gia (campus/CLC/chuyên ngành),false
7540106DKD,7540106,,Chuyên ngành/biến thể của mã ngành quốc gia (campus/CLC/chuyên ngành),false
7540106DKK,7540106,,Chuyên ngành/biến thể của mã ngành quốc gia (campus/CLC/chuyên ngành),false
7540202DKD,7540202,,Chuyên ngành/biến thể của mã ngành quốc gia (campus/CLC/chuyên ngành),false
7540202DKK,7540202,,Chuyên ngành/biến thể của mã ngành quốc gia (campus/CLC/chuyên ngành),false
7540203DKD,7540203,,Chuyên ngành/biến thể của mã ngành quốc gia (campus/CLC/chuyên ngành),false
7540203DKK,7540203,,Chuyên ngành/biến thể của mã ngành quốc gia (campus/CLC/chuyên ngành),false
7540204DKD,7540204,,Chuyên ngành/biến thể của mã ngành quốc gia (campus/CLC/chuyên ngành),false
7540204DKK,7540204,,Chuyên ngành/biến thể của mã ngành quốc gia (campus/CLC/chuyên ngành),false
75801011,7580101,,Chuyên ngành/biến thể của mã ngành quốc gia (campus/CLC/chuyên ngành),false
7580101_01,7580101,,Chuyên ngành/biến thể của mã ngành quốc gia (campus/CLC/chuyên ngành),false
7580101_02,7580101,,Chuyên ngành/biến thể của mã ngành quốc gia (campus/CLC/chuyên ngành),false
7580101_1,7580101,,Chuyên ngành/biến thể của mã ngành quốc gia (campus/CLC/chuyên ngành),false
75801051,7580105,,Chuyên ngành/biến thể của mã ngành quốc gia (campus/CLC/chuyên ngành),false
7580105_01,7580105,,Chuyên ngành/biến thể của mã ngành quốc gia (campus/CLC/chuyên ngành),false
7580105_1,7580105,,Chuyên ngành/biến thể của mã ngành quốc gia (campus/CLC/chuyên ngành),false
7580201QT,7580201,,Chuyên ngành/biến thể của mã ngành quốc gia (campus/CLC/chuyên ngành),false
7580201QT-01,7580201,,Chuyên ngành/biến thể của mã ngành quốc gia (campus/CLC/chuyên ngành),false
7580201QT-02,7580201,,Chuyên ngành/biến thể của mã ngành quốc gia (campus/CLC/chuyên ngành),false
7580201_01,7580201,,Chuyên ngành/biến thể của mã ngành quốc gia (campus/CLC/chuyên ngành),false
7580201_02,7580201,,Chuyên ngành/biến thể của mã ngành quốc gia (campus/CLC/chuyên ngành),false
7580201_03,7580201,,Chuyên ngành/biến thể của mã ngành quốc gia (campus/CLC/chuyên ngành),false
7580201_04,7580201,,Chuyên ngành/biến thể của mã ngành quốc gia (campus/CLC/chuyên ngành),false
7580201_05,7580201,,Chuyên ngành/biến thể của mã ngành quốc gia (campus/CLC/chuyên ngành),false
7580201_1,7580201,,Chuyên ngành/biến thể của mã ngành quốc gia (campus/CLC/chuyên ngành),false
7580201_2,7580201,,Chuyên ngành/biến thể của mã ngành quốc gia (campus/CLC/chuyên ngành),false
7580201_CLC,7580201,,Chuyên ngành/biến thể của mã ngành quốc gia (campus/CLC/chuyên ngành),false
7580201_QT,7580201,,Chuyên ngành/biến thể của mã ngành quốc gia (campus/CLC/chuyên ngành),false
7580205QT,7580205,,Chuyên ngành/biến thể của mã ngành quốc gia (campus/CLC/chuyên ngành),false
7580205_01,7580205,,Chuyên ngành/biến thể của mã ngành quốc gia (campus/CLC/chuyên ngành),false
7580205_02,7580205,,Chuyên ngành/biến thể của mã ngành quốc gia (campus/CLC/chuyên ngành),false
75802102,7580210,,Chuyên ngành/biến thể của mã ngành quốc gia (campus/CLC/chuyên ngành),false
7580210_1,7580210,,Chuyên ngành/biến thể của mã ngành quốc gia (campus/CLC/chuyên ngành),false
7580210_2,7580210,,Chuyên ngành/biến thể của mã ngành quốc gia (campus/CLC/chuyên ngành),false
7580210_l,7580210,,Chuyên ngành/biến thể của mã ngành quốc gia (campus/CLC/chuyên ngành),false
7580213_01,7580213,,Chuyên ngành/biến thể của mã ngành quốc gia (campus/CLC/chuyên ngành),false
7580301QT,7580301,,Chuyên ngành/biến thể của mã ngành quốc gia (campus/CLC/chuyên ngành),false
7580301TN,7580301,,Chuyên ngành/biến thể của mã ngành quốc gia (campus/CLC/chuyên ngành),false
7580301VP,7580301,,Chuyên ngành/biến thể của mã ngành quốc gia (campus/CLC/chuyên ngành),false
7580301_1,7580301,,Chuyên ngành/biến thể của mã ngành quốc gia (campus/CLC/chuyên ngành),false
7580302LK,7580302,,Chuyên ngành/biến thể của mã ngành quốc gia (campus/CLC/chuyên ngành),false
7580302QT,7580302,,Chuyên ngành/biến thể của mã ngành quốc gia (campus/CLC/chuyên ngành),false
7580302_01,7580302,,Chuyên ngành/biến thể của mã ngành quốc gia (campus/CLC/chuyên ngành),false
7580302_02,7580302,,Chuyên ngành/biến thể của mã ngành quốc gia (campus/CLC/chuyên ngành),false
7580302_03,7580302,,Chuyên ngành/biến thể của mã ngành quốc gia (campus/CLC/chuyên ngành),false
7580302_04,7580302,,Chuyên ngành/biến thể của mã ngành quốc gia (campus/CLC/chuyên ngành),false
7580302_1,7580302,,Chuyên ngành/biến thể của mã ngành quốc gia (campus/CLC/chuyên ngành),false
7580302_2,7580302,,Chuyên ngành/biến thể của mã ngành quốc gia (campus/CLC/chuyên ngành),false
7580302_3,7580302,,Chuyên ngành/biến thể của mã ngành quốc gia (campus/CLC/chuyên ngành),false
7720101YHT,7720101,,Chuyên ngành/biến thể của mã ngành quốc gia (campus/CLC/chuyên ngành),false
7720101YHT_AP,7720101,,Chuyên ngành/biến thể của mã ngành quốc gia (campus/CLC/chuyên ngành),false
7720101_AP,7720101,,Chuyên ngành/biến thể của mã ngành quốc gia (campus/CLC/chuyên ngành),false
7720101_Nam_B,7720101,,Chuyên ngành/biến thể của mã ngành quốc gia (campus/CLC/chuyên ngành),false
7720101_Nam_N,7720101,,Chuyên ngành/biến thể của mã ngành quốc gia (campus/CLC/chuyên ngành),false
7720101_Nu_B,7720101,,Chuyên ngành/biến thể của mã ngành quốc gia (campus/CLC/chuyên ngành),false
7720101_Nu_N,7720101,,Chuyên ngành/biến thể của mã ngành quốc gia (campus/CLC/chuyên ngành),false
7720101_YHT,7720101,,Chuyên ngành/biến thể của mã ngành quốc gia (campus/CLC/chuyên ngành),false
7720301YHT,7720301,,Chuyên ngành/biến thể của mã ngành quốc gia (campus/CLC/chuyên ngành),false
7720301_,7720301,,Chuyên ngành/biến thể của mã ngành quốc gia (campus/CLC/chuyên ngành),false
7720301_YHT,7720301,,Chuyên ngành/biến thể của mã ngành quốc gia (campus/CLC/chuyên ngành),false
7720501_AP,7720501,,Chuyên ngành/biến thể của mã ngành quốc gia (campus/CLC/chuyên ngành),false
7720601YHT,7720601,,Chuyên ngành/biến thể của mã ngành quốc gia (campus/CLC/chuyên ngành),false
7720602YHT,7720602,,Chuyên ngành/biến thể của mã ngành quốc gia (campus/CLC/chuyên ngành),false
7720603YHT,7720603,,Chuyên ngành/biến thể của mã ngành quốc gia (campus/CLC/chuyên ngành),false
77601011,7760101,,Chuyên ngành/biến thể của mã ngành quốc gia (campus/CLC/chuyên ngành),false
7760101A,7760101,,Chuyên ngành/biến thể của mã ngành quốc gia (campus/CLC/chuyên ngành),false
7760101B,7760101,,Chuyên ngành/biến thể của mã ngành quốc gia (campus/CLC/chuyên ngành),false
7760101C,7760101,,Chuyên ngành/biến thể của mã ngành quốc gia (campus/CLC/chuyên ngành),false
7760101D,7760101,,Chuyên ngành/biến thể của mã ngành quốc gia (campus/CLC/chuyên ngành),false
7760101PH,7760101,,Chuyên ngành/biến thể của mã ngành quốc gia (campus/CLC/chuyên ngành),false
7760103C,7760103,,Chuyên ngành/biến thể của mã ngành quốc gia (campus/CLC/chuyên ngành),false
7760103D,7760103,,Chuyên ngành/biến thể của mã ngành quốc gia (campus/CLC/chuyên ngành),false
7810101A,7810101,,Chuyên ngành/biến thể của mã ngành quốc gia (campus/CLC/chuyên ngành),false
7810101B,7810101,,Chuyên ngành/biến thể của mã ngành quốc gia (campus/CLC/chuyên ngành),false
7810101C,7810101,,Chuyên ngành/biến thể của mã ngành quốc gia (campus/CLC/chuyên ngành),false
7810101TA,7810101,,Chuyên ngành/biến thể của mã ngành quốc gia (campus/CLC/chuyên ngành),false
7810103A,7810103,,Chuyên ngành/biến thể của mã ngành quốc gia (campus/CLC/chuyên ngành),false
7810103B,7810103,,Chuyên ngành/biến thể của mã ngành quốc gia (campus/CLC/chuyên ngành),false
7810103C,7810103,,Chuyên ngành/biến thể của mã ngành quốc gia (campus/CLC/chuyên ngành),false
7810103D,7810103,,Chuyên ngành/biến thể của mã ngành quốc gia (campus/CLC/chuyên ngành),false
7810103DKD,7810103,,Chuyên ngành/biến thể của mã ngành quốc gia (campus/CLC/chuyên ngành),false
7810103DKK,7810103,,Chuyên ngành/biến thể của mã ngành quốc gia (campus/CLC/chuyên ngành),false
7810103PH,7810103,,Chuyên ngành/biến thể của mã ngành quốc gia (campus/CLC/chuyên ngành),false
7810103TA,7810103,,Chuyên ngành/biến thể của mã ngành quốc gia (campus/CLC/chuyên ngành),false
7810201DKD,7810201,,Chuyên ngành/biến thể của mã ngành quốc gia (campus/CLC/chuyên ngành),false
7810201DKK,7810201,,Chuyên ngành/biến thể của mã ngành quốc gia (campus/CLC/chuyên ngành),false
7810201TA,7810201,,Chuyên ngành/biến thể của mã ngành quốc gia (campus/CLC/chuyên ngành),false
7810202TA,7810202,,Chuyên ngành/biến thể của mã ngành quốc gia (campus/CLC/chuyên ngành),false
7840101TN,7840101,,Chuyên ngành/biến thể của mã ngành quốc gia (campus/CLC/chuyên ngành),false
7850101PH,7850101,,Chuyên ngành/biến thể của mã ngành quốc gia (campus/CLC/chuyên ngành),false
7850103PH,7850103,,Chuyên ngành/biến thể của mã ngành quốc gia (campus/CLC/chuyên ngành),false
7860100_Nam,7860100,,Chuyên ngành/biến thể của mã ngành quốc gia (campus/CLC/chuyên ngành),false
7860100_Nam_B,7860100,,Chuyên ngành/biến thể của mã ngành quốc gia (campus/CLC/chuyên ngành),false
7860100_Nu,7860100,,Chuyên ngành/biến thể của mã ngành quốc gia (campus/CLC/chuyên ngành),false
7860100_Nu_B,7860100,,Chuyên ngành/biến thể của mã ngành quốc gia (campus/CLC/chuyên ngành),false
7860113_Nam_B,7860113,,Chuyên ngành/biến thể của mã ngành quốc gia (campus/CLC/chuyên ngành),false
7860113_Nam_N,7860113,,Chuyên ngành/biến thể của mã ngành quốc gia (campus/CLC/chuyên ngành),false
7860113_Nu_B,7860113,,Chuyên ngành/biến thể của mã ngành quốc gia (campus/CLC/chuyên ngành),false
7860113_Nu_N,7860113,,Chuyên ngành/biến thể của mã ngành quốc gia (campus/CLC/chuyên ngành),false
7860114_Nam_B,7860114,,Chuyên ngành/biến thể của mã ngành quốc gia (campus/CLC/chuyên ngành),false
7860114_Nam_N,7860114,,Chuyên ngành/biến thể của mã ngành quốc gia (campus/CLC/chuyên ngành),false
7860114_Nu_B,7860114,,Chuyên ngành/biến thể của mã ngành quốc gia (campus/CLC/chuyên ngành),false
7860114_Nu_N,7860114,,Chuyên ngành/biến thể của mã ngành quốc gia (campus/CLC/chuyên ngành),false
7860207_B,7860207,,Chuyên ngành/biến thể của mã ngành quốc gia (campus/CLC/chuyên ngành),false
7860207_N,7860207,,Chuyên ngành/biến thể của mã ngành quốc gia (campus/CLC/chuyên ngành),false
7860214_B,7860214,,Chuyên ngành/biến thể của mã ngành quốc gia (campus/CLC/chuyên ngành),false
7860214_B_C03,7860214,,Chuyên ngành/biến thể của mã ngành quốc gia (campus/CLC/chuyên ngành),false
7860214_B_C04,7860214,,Chuyên ngành/biến thể của mã ngành quốc gia (campus/CLC/chuyên ngành),false
7860214_B_D01,7860214,,Chuyên ngành/biến thể của mã ngành quốc gia (campus/CLC/chuyên ngành),false
7860214_C03_4,7860214,,Chuyên ngành/biến thể của mã ngành quốc gia (campus/CLC/chuyên ngành),false
7860214_C03_5,7860214,,Chuyên ngành/biến thể của mã ngành quốc gia (campus/CLC/chuyên ngành),false
7860214_C03_7,7860214,,Chuyên ngành/biến thể của mã ngành quốc gia (campus/CLC/chuyên ngành),false
7860214_C03_9,7860214,,Chuyên ngành/biến thể của mã ngành quốc gia (campus/CLC/chuyên ngành),false
7860214_C04_4,7860214,,Chuyên ngành/biến thể của mã ngành quốc gia (campus/CLC/chuyên ngành),false
7860214_C04_5,7860214,,Chuyên ngành/biến thể của mã ngành quốc gia (campus/CLC/chuyên ngành),false
7860214_C04_7,7860214,,Chuyên ngành/biến thể của mã ngành quốc gia (campus/CLC/chuyên ngành),false
7860214_C04_9,7860214,,Chuyên ngành/biến thể của mã ngành quốc gia (campus/CLC/chuyên ngành),false
7860214_D01_4,7860214,,Chuyên ngành/biến thể của mã ngành quốc gia (campus/CLC/chuyên ngành),false
7860214_D01_5,7860214,,Chuyên ngành/biến thể của mã ngành quốc gia (campus/CLC/chuyên ngành),false
7860214_D01_7,7860214,,Chuyên ngành/biến thể của mã ngành quốc gia (campus/CLC/chuyên ngành),false
7860214_D01_9,7860214,,Chuyên ngành/biến thể của mã ngành quốc gia (campus/CLC/chuyên ngành),false
7860214_N_4,7860214,,Chuyên ngành/biến thể của mã ngành quốc gia (campus/CLC/chuyên ngành),false
7860214_N_5,7860214,,Chuyên ngành/biến thể của mã ngành quốc gia (campus/CLC/chuyên ngành),false
7860214_N_7,7860214,,Chuyên ngành/biến thể của mã ngành quốc gia (campus/CLC/chuyên ngành),false
7860214_N_9,7860214,,Chuyên ngành/biến thể của mã ngành quốc gia (campus/CLC/chuyên ngành),false
7860218_,7860218,,Chuyên ngành/biến thể của mã ngành quốc gia (campus/CLC/chuyên ngành),false
7860218_Nam_B,7860218,,Chuyên ngành/biến thể của mã ngành quốc gia (campus/CLC/chuyên ngành),false
7860218_Nam_N,7860218,,Chuyên ngành/biến thể của mã ngành quốc gia (campus/CLC/chuyên ngành),false
7860220_CLC,7860220,,Chuyên ngành/biến thể của mã ngành quốc gia (campus/CLC/chuyên ngành),false
7860220_LK,7860220,,Chuyên ngành/biến thể của mã ngành quốc gia (campus/CLC/chuyên ngành),false
7860220_NN,7860220,,Chuyên ngành/biến thể của mã ngành quốc gia (campus/CLC/chuyên ngành),false
7860220_Nam_B,7860220,,Chuyên ngành/biến thể của mã ngành quốc gia (campus/CLC/chuyên ngành),false
7860220_Nam_N,7860220,,Chuyên ngành/biến thể của mã ngành quốc gia (campus/CLC/chuyên ngành),false
7860220_Nu_B,7860220,,Chuyên ngành/biến thể của mã ngành quốc gia (campus/CLC/chuyên ngành),false
7860220_Nu_N,7860220,,Chuyên ngành/biến thể của mã ngành quốc gia (campus/CLC/chuyên ngành),false
7860226_B,7860226,,Chuyên ngành/biến thể của mã ngành quốc gia (campus/CLC/chuyên ngành),false
7860226_N,7860226,,Chuyên ngành/biến thể của mã ngành quốc gia (campus/CLC/chuyên ngành),false
7860229_B,7860229,,Chuyên ngành/biến thể của mã ngành quốc gia (campus/CLC/chuyên ngành),false
7860229_N,7860229,,Chuyên ngành/biến thể của mã ngành quốc gia (campus/CLC/chuyên ngành),false
7860231_Nam_B,7860231,,Chuyên ngành/biến thể của mã ngành quốc gia (campus/CLC/chuyên ngành),false
7860231_Nam_N,7860231,,Chuyên ngành/biến thể của mã ngành quốc gia (campus/CLC/chuyên ngành),false
7903124QT,7903124,,Chuyên ngành/biến thể của mã ngành quốc gia (campus/CLC/chuyên ngành),false
7908532A,7908532,,Chuyên ngành/biến thể của mã ngành quốc gia (campus/CLC/chuyên ngành),false
