code,name,field_code,description
522,Xây dựng Đảng và chính quyền nhà nước,khoa_hoc_xa_hoi,
523,Xây dựng Đảng và chính quyền nhà nước,khoa_hoc_xa_hoi,
5248020,Công nghệ đa phương tiện,cntt,
527,"Kinh tế, chuyên ngành Quản lý kinh tế",kinh_te,
528,"Kinh tế, chuyên ngành Kinh tế và Quản lý (chất lượng cao)",kinh_te,
529,"Kinh tế, chuyên ngành Kinh tế và Quản lý",kinh_te,
530,"Chính trị học, chuyên ngành Công tác tư tưởng - văn hóa",khoa_hoc_xa_hoi,
531,"Chính trị học, chuyên ngành Chính trị phát triển",khoa_hoc_xa_hoi,
532,Quản lý nhà nước,khoa_hoc_xa_hoi,
533,"Chính trị học, chuyên ngành Tư tưởng Hồ Chí Minh",khoa_hoc_xa_hoi,
535,"Chính trị học, chuyên ngành Văn hóa phát triển",khoa_hoc_xa_hoi,
536,"Chính trị học, chuyên ngành Chính sách công",khoa_hoc_xa_hoi,
537,Quản lý nhà nước,khoa_hoc_xa_hoi,
538,"Chính trị học, chuyên ngành Truyền thông chính sách",truyen_thong,
602,"Báo chí, chuyên ngành Báo in",truyen_thong,
603,"Báo chí, chuyên ngành Ảnh báo chí",truyen_thong,
604,"Báo chí, chuyên ngành Báo phát thanh",truyen_thong,
605,"Báo chí, chuyên ngành Báo truyền hình",truyen_thong,
606,"Báo chí, chuyên ngành Quay phim truyền hình",truyen_thong,
607,"Báo chí, chuyên ngành Báo mạng điện tử",truyen_thong,
608,"Báo chí, chuyên ngành Báo truyền hình",truyen_thong,
609,"Báo chí, chuyên ngành Báo mạng điện tử",truyen_thong,
610,"Quan hệ quốc tế, chuyên ngành Thông tin đối ngoại",truyen_thong,
611,"Quan hệ quốc tế, chuyên ngành Quan hệ chính trị và Truyền thông quốc tế",truyen_thong,
614,"Quan hệ quốc tế, chuyên ngành Quan hệ quốc tế và Truyền thông toàn cầu",truyen_thong,
615,"Quan hệ công chúng, chuyên ngành Quan hệ công chúng chuyên nghiệp",truyen_thong,
616,"Quan hệ công chúng, chuyên ngành Truyền thông marketing",truyen_thong,
618,"Quan hệ công chúng, chuyên ngành Quảng cáo",truyen_thong,
7140101,Giáo dục học,giao_duc,
7140103,Công nghệ giáo dục,giao_duc,
7140114,Quản lí giáo dục,giao_duc,
7140201,Giáo dục Mầm non,giao_duc,
7140202,Giáo dục Tiểu học,giao_duc,
7140203,Giáo dục đặc biệt,giao_duc,
7140204,Giáo dục công dân,giao_duc,
7140205,Giáo dục chính trị,giao_duc,
7140206,Giáo dục Thể chất,giao_duc,
7140208,Giáo dục Quốc phòng và An ninh,giao_duc,
7140209,Sư phạm Toán học,giao_duc,
7140210,Sư phạm Tin học,giao_duc,
7140211,Sư phạm Vật lí,giao_duc,
7140212,Sư phạm Hoá học,giao_duc,
7140213,Sư phạm Sinh học,giao_duc,
7140217,Sư phạm Ngữ văn,giao_duc,
7140218,Sư phạm Lịch sử,giao_duc,
7140219,Sư phạm Địa lí,giao_duc,
7140221,Sư phạm Âm nhạc,giao_duc,
7140222,Sư phạm Mỹ thuật,giao_duc,
7140231,Sư phạm Tiếng Anh,giao_duc,
7140233,Sư phạm Tiếng Pháp,giao_duc,
7140234,Sư phạm tiếng Trung Quốc,giao_duc,
7140235,Sư phạm tiếng Đức,giao_duc,
7140236,Sư phạm tiếng Nhật,giao_duc,
7140237,Sư phạm tiếng Hàn Quốc,giao_duc,
7140246,Sư phạm Công nghệ,giao_duc,
7140247,Sư phạm Khoa học tự nhiên,giao_duc,
7140249,Sư phạm Lịch sử - Địa lí,giao_duc,
7210101,"Lý luận, lịch sử và phê bình nghệ thuật",nghe_thuat,
7210103,Hội họa,nghe_thuat,
7210104,Đồ họa,nghe_thuat,
7210105,Điêu khắc,nghe_thuat,
7210107,Ngành Gốm,nghe_thuat,
7210110,Mỹ thuật đô thị (*),nghe_thuat,
7210201,Âm nhạc học,nghe_thuat,
7210203,Sáng tác âm nhạc,nghe_thuat,
7210204,Chỉ huy âm nhạc,nghe_thuat,
7210205,Thanh nhạc,nghe_thuat,
7210207,Biểu diễn nhạc cụ phương Tây,nghe_thuat,
7210208,Piano,nghe_thuat,
7210209,Nhạc Jazz,nghe_thuat,
7210210,Biểu diễn nhạc cụ truyền thống,nghe_thuat,
7210226,Diễn viên rối,nghe_thuat,
7210227,Đạo diễn sự kiện lễ hội,nghe_thuat,
7210233,Biên kịch điện ảnh,nghe_thuat,
7210234,"Diễn viên kịch, điện ảnh – truyền hình",nghe_thuat,
7210235,Đạo diễn điện ảnh,nghe_thuat,
7210236,Quay phim điện ảnh,nghe_thuat,
7210243,Biên đạo múa,nghe_thuat,
7210244,Huấn luyện múa,nghe_thuat,
7210301,Nhiếp ảnh báo chí,nghe_thuat,
7210302,Công nghệ dựng phim,nghe_thuat,
7210402,Ngành Thiết kế Công nghiệp,nghe_thuat,
7210403,Thiết kế đồ họa,nghe_thuat,
7210404,Ngành Thiết kế Thời trang,nghe_thuat,
7210406,Thiết kế mỹ thuật hoạt hình,nghe_thuat,
7210408,Nghệ thuật số,nghe_thuat,
72104_NT,CTĐT Nghệ thuật và thiết kế,nghe_thuat,
7220101,Tiếng Việt và văn hóa Việt Nam,nhan_van,
7220110,Sáng tác văn học,nhan_van,
7220112,Văn hoá các DTTS Việt Nam - Tổ chức và quản lý văn hóa vùng DTTS,nhan_van,
7220200,Ngôn ngữ Anh,nhan_van,
7220201,Ngôn ngữ Anh,nhan_van,
7220202,Ngôn ngữ Nga,nhan_van,
7220203,Ngôn ngữ Pháp (Tiếng Pháp ứng dụng và giao tiếp quốc tế),nhan_van,
7220204,Ngôn ngữ Trung Quốc,nhan_van,
7220205,Ngôn ngữ Đức,nhan_van,
7220206,Ngôn ngữ Tây Ban Nha,nhan_van,
7220207,Ngôn ngữ Bồ Đào Nha,nhan_van,
7220208,Ngôn ngữ Italia - CTTT,nhan_van,
7220209,Ngôn ngữ Nhật,nhan_van,
7220210,Ngôn ngữ Hàn Quốc,nhan_van,
7220211,Ngôn ngữ Ả Rập,nhan_van,
7220212,Văn hóa và truyền thông xuyên quốc gia,nhan_van,
7229001,Triết học (Triết học Mác Lê-nin),nhan_van,
7229008,Chủ nghĩa xã hội khoa học,nhan_van,
7229010,Lịch sử,nhan_van,
7229020,Ngôn ngữ học,nhan_van,
7229030,Văn học,nhan_van,
7229040,Văn hóa học,nhan_van,
7229042,Quản lý văn hóa,nhan_van,
7240301,Kế toán,kinh_te,
7310101,Ngành Kinh tế,khoa_hoc_xa_hoi,
7310102,Kinh tế chính trị,khoa_hoc_xa_hoi,
7310104,Kinh tế đầu tư,khoa_hoc_xa_hoi,
7310105,Ngành Kinh tế phát triển,khoa_hoc_xa_hoi,
7310106,Ngành Kinh tế quốc tế,khoa_hoc_xa_hoi,
7310107,Thống kê kinh tế,khoa_hoc_xa_hoi,
7310108,Toán kinh tế,khoa_hoc_xa_hoi,
7310109,Kinh tế số,khoa_hoc_xa_hoi,
7310110,Quản lý kinh tế,khoa_hoc_xa_hoi,
7310111,Nghiên cứu phát triển,khoa_hoc_xa_hoi,
7310112,Kinh tế số,khoa_hoc_xa_hoi,
7310201,Chính trị học,khoa_hoc_xa_hoi,
7310202,Xây dựng Đảng và Chính quyền nhà nước,khoa_hoc_xa_hoi,
7310205,Quản lý Nhà nước,khoa_hoc_xa_hoi,
7310206,Quan hệ quốc tế,khoa_hoc_xa_hoi,
7310301,Xã hội học,khoa_hoc_xa_hoi,
7310399,Giới và Phát triển,khoa_hoc_xa_hoi,
7310401,Tâm lý học,khoa_hoc_xa_hoi,
7310403,Tâm lý học giáo dục,khoa_hoc_xa_hoi,
7310501,Địa lí học (Địa lí tài nguyên và môi trường),khoa_hoc_xa_hoi,
7310601,Quốc tế học (bắt đầu tuyển sinh từ 2026),khoa_hoc_xa_hoi,
7310612,Trung Quốc học,khoa_hoc_xa_hoi,
7310630,Việt Nam học (Hướng dẫn du lịch),khoa_hoc_xa_hoi,
7320101,Báo chí,truyen_thong,
7320104,Truyền thông đa phương tiện,truyen_thong,
7320105,Truyền thông đại chúng,truyen_thong,
7320106,Công nghệ truyền thông,truyen_thong,
7320107,Truyền thông quốc tế,truyen_thong,
7320108,Quan hệ công chúng,truyen_thong,
7320109,Truyền thông doanh nghiệp,truyen_thong,
7320110,"Quan hệ công chúng, chuyên ngành Quảng cáo",truyen_thong,
7320113,Công nghệ đa phương tiện,truyen_thong,
7320201,Quản trị thư viện,truyen_thong,
7320205,Quản lý thông tin,truyen_thong,
7320303,Lưu trữ học (Chuyên ngành Văn thư - Lưu trữ),truyen_thong,
7320305,Bảo tàng học,truyen_thong,
7320402,Kinh doanh xuất bản phẩm,truyen_thong,
7329001,Công nghệ đa phương tiện,truyen_thong,
7340101,Quản trị Kinh doanh,kinh_te,
7340102,Quản trị kinh doanh,kinh_te,
7340106,Kinh tế quốc tế,kinh_te,
7340108,Quản lí (song bằng VNU-Keuka),kinh_te,
7340110,Quản trị kinh doanh,kinh_te,
7340115,Marketing,kinh_te,
7340116,Bất động sản,kinh_te,
7340120,Kinh doanh quốc tế,kinh_te,
7340121,Kinh doanh thương mại,kinh_te,
7340122,Thương mại điện tử,kinh_te,
7340125,Phân tích dữ liệu kinh doanh,kinh_te,
7340201,Ngành Tài chính – Ngân hàng,kinh_te,
7340202,Công nghệ tài chính,kinh_te,
7340204,Bảo hiểm,kinh_te,
7340205,Công nghệ tài chính,kinh_te,
7340207,Bảo hiểm - Tài chính,kinh_te,
7340208,Công nghệ tài chính (Fintech),kinh_te,
7340301,Kế toán,kinh_te,
7340302,Kiểm toán,kinh_te,
7340303,"Kế toán, Phân tích và Kiểm toán",kinh_te,
7340401,Khoa học quản lý,kinh_te,
7340403,Quản lý công,kinh_te,
7340404,Quản trị nhân lực,kinh_te,
7340405,Hệ thống thông tin quản lý,kinh_te,
7340406,Quản trị Văn phòng,kinh_te,
7340408,Quan hệ lao động,kinh_te,
7340409,Quản lý dự án (*),kinh_te,
7380101,Luật,phap_luat,
7380107,Luật Kinh tế (CTĐT Luật Kinh doanh),phap_luat,
7380108,Luật quốc tế,phap_luat,
7380109,Luật Thương mại quốc tế,phap_luat,
7380110,Luật Kinh tế (CTĐT Luật Kinh doanh),phap_luat,
7420101,Sinh học,khoa_hoc_su_song,
7420201,Công nghệ sinh học (mới),khoa_hoc_su_song,
7420203,Sinh học ứng dụng,khoa_hoc_su_song,
7440102,Vật lí học (vật lí bán dẫn và kỹ thuật) (mới),khoa_hoc_tu_nhien,
7440112,Hóa học,khoa_hoc_tu_nhien,
7440122,Khoa học vật liệu tiên tiến và Công nghệ Nano,khoa_hoc_tu_nhien,
7440201,Địa chất học,khoa_hoc_tu_nhien,
7440221,Khí tượng và khí hậu học,khoa_hoc_tu_nhien,
7440222,Khí tượng và khí hậu học,khoa_hoc_tu_nhien,
7440224,Thủy văn học,khoa_hoc_tu_nhien,
7440229,Quản lý và phân tích dữ liệu khoa học,khoa_hoc_tu_nhien,
7440298,Biến đổi khí hậu và phát triển bền vững,khoa_hoc_tu_nhien,
7440301,Khoa học Môi trường ứng dụng,khoa_hoc_tu_nhien,
7460101,Toán học,toan_va_thong_ke,
7460108,Khoa học dữ liệu,toan_va_thong_ke,
7460112,Toán ứng dụng,toan_va_thong_ke,
7460117,Toán tin,toan_va_thong_ke,
7480101,Khoa học máy tính,cntt,
7480102,Mạng máy tính và Truyền thông dữ liệu,cntt,
7480103,Kỹ thuật phần mềm,cntt,
7480104,Hệ thống thông tin (Công nghệ thông tin),cntt,
7480106,Kỹ thuật máy tính,cntt,
7480107,Trí tuệ nhân tạo,cntt,
7480108,Công nghệ kỹ thuật máy tính,cntt,
7480109,Khoa học dữ liệu,cntt,
7480111,Tin học và Kỹ thuật máy tính,cntt,
7480201,Công nghệ thông tin,cntt,
7480202,An toàn thông tin,cntt,
7480206,Địa tin học,cntt,
7480207,Trí tuệ nhân tạo,cntt,
7480209,Công nghệ tài chính và Kinh doanh số,cntt,
7480210,Công nghệ thông tin ứng dụng,cntt,
7510102,Công nghệ kỹ thuật công trình xây dựng,dien_tu,
7510103,Công nghệ kỹ thuật xây dựng,dien_tu,
7510104,Công nghệ kỹ thuật giao thông,dien_tu,
7510105,Công nghệ kỹ thuật vật liệu xây dựng,dien_tu,
7510201,Công nghệ kỹ thuật cơ khí,dien_tu,
7510202,Công nghệ Chế tạo máy,dien_tu,
7510203,Công nghệ kỹ thuật cơ điện tử,dien_tu,
7510204,Công nghệ kỹ thuật cơ điện tử ô tô,dien_tu,
7510205,Công nghệ kỹ thuật Ô tô,dien_tu,
7510206,Công nghệ Kỹ thuật Nhiệt (Nhiệt – Điện lạnh),dien_tu,
7510209,Robot và trí tuệ nhân tạo,dien_tu,
7510213,Thiết kế cơ khí và kiểu dáng công nghiệp,dien_tu,
7510251,Kỹ thuật ô tô và năng lượng mới,dien_tu,
7510301,"Công nghệ kỹ thuật Điện, Điện tử",dien_tu,
7510302,Công nghệ kỹ thuật điện tử - viễn thông,dien_tu,
7510303,Công nghệ kỹ thuật điều khiển và tự động hóa,dien_tu,
7510306,Tự động hóa và Tin học,dien_tu,
7510401,Công nghệ kỹ thuật hóa học,dien_tu,
7510402,Công nghệ vật liệu,dien_tu,
7510403,Công nghệ kỹ thuật năng lượng,dien_tu,
7510406,Công nghệ kĩ thuật môi trường,dien_tu,
7510407,Công nghệ kỹ thuật hạt nhân,dien_tu,
7510601,Quản lý công nghiệp,dien_tu,
7510602,Quản lý năng lượng,dien_tu,
7510605,Logistics và Quản lý chuỗi cung ứng (*),dien_tu,
7519003,Công nghệ kỹ thuật khuôn mẫu,dien_tu,
7519004,Thiết kế cơ khí và kiểu dáng công nghiệp,dien_tu,
7519005,Công nghệ kỹ thuật cơ điện tử ô tô,dien_tu,
7519007,Năng lượng tái tạo,dien_tu,
7520101,Kỹ thuật cơ khí/ Máy xây dựng,ky_thuat,
7520103,Kỹ thuật cơ khí,ky_thuat,
7520107,Kỹ thuật Robot,ky_thuat,
7520114,Kỹ thuật cơ điện tử,ky_thuat,
7520115,Kỹ thuật nhiệt (Chuyên ngành Kỹ thuật nhiệt lạnh và điều hoà không khí),ky_thuat,
7520116,Kỹ thuật cơ khí động lực,ky_thuat,
7520117,Kỹ thuật công nghiệp,ky_thuat,
7520118,Kỹ thuật hệ thống công nghiệp,ky_thuat,
7520120,Kỹ thuật Hàng không,ky_thuat,
7520121,Kỹ thuật không gian,ky_thuat,
7520130,Kỹ thuật ô tô,ky_thuat,
7520139,Kỹ thuật hệ thống công nghiệp và Logistics,ky_thuat,
7520201,Kỹ thuật điện,ky_thuat,
7520207,"Kỹ thuật điện tử - viễn thông (Chuyên ngành: Kỹ thuật viễn thông, Kỹ thuật thông tin và truyền thông)",ky_thuat,
7520216,Kỹ thuật điều khiển và tự động hóa,ky_thuat,
7520218,Trí tuệ nhân tạo,ky_thuat,
7520219,Hệ thống giao thông thông minh,ky_thuat,
7520301,Kỹ thuật hoá học,ky_thuat,
7520309,Kỹ thuật vật liệu,ky_thuat,
7520320,Kỹ thuật Môi trường,ky_thuat,
7520401,Công nghệ vi mạch bán dẫn,ky_thuat,
7520501,Kỹ thuật địa chất,ky_thuat,
7520502,Kỹ thuật địa vật lý,ky_thuat,
7520503,Kỹ thuật trắc địa - bản đồ,ky_thuat,
7520505,Đá quý Đá mỹ nghệ,ky_thuat,
7520601,Kỹ thuật mỏ,ky_thuat,
7520604,Kỹ thuật dầu khí,ky_thuat,
7520605,Kỹ thuật khí thiên nhiên,ky_thuat,
7520606,Công nghệ số trong thăm dò và khai thác tài nguyên thiên nhiên,ky_thuat,
7520607,Kỹ thuật tuyển khoáng,ky_thuat,
7540101,Công nghệ thực phẩm,san_xuat_che_bien,
7540106,ĐBCL & An toàn thực phẩm,san_xuat_che_bien,
7540202,"Công nghệ sợi, dệt",san_xuat_che_bien,
7540203,Công nghệ vật liệu dệt may,san_xuat_che_bien,
7540204,Công nghệ may,san_xuat_che_bien,
7540209,Công nghệ may,san_xuat_che_bien,
7549001,"Công nghệ chế biến lâm sản (Công nghệ gỗ và quản trị sản xuất, Kỹ nghệ gỗ và nội thất, Thiết kế và kỹ thuật đồ gỗ nội thất)",san_xuat_che_bien,
7580101,Kiến trúc,xay_dung,
7580102,Kiến trúc cảnh quan,xay_dung,
7580103,Kiến trúc nội thất,xay_dung,
7580105,Quy hoạch vùng và đô thị,xay_dung,
7580106,Quản lý đô thị và công trình,xay_dung,
7580108,Ngành Thiết kế Nội thất,xay_dung,
7580109,Quản lý phát triển đô thị và bất động sản,xay_dung,
7580201,Kỹ thuật xây dựng,xay_dung,
7580202,Kỹ thuật xây dựng công trình thủy,xay_dung,
7580204,Xây dựng công trình ngầm thành phố và Hệ thống tàu điện ngầm,xay_dung,
7580205,Kỹ thuật xây dựng công trình giao thông,xay_dung,
7580210,Kỹ thuật hạ tầng đô thị (Chuyên ngành thuộc ngành Kỹ thuật cơ sớ hạ tầng),xay_dung,
7580211,Địa kỹ thuật xây dựng,xay_dung,
7580212,Kỹ thuật tài nguyên nước,xay_dung,
7580213,Kỹ thuật cấp thoát nước,xay_dung,
7580215,Kỹ thuật an toàn giao thông,xay_dung,
7580301,Kinh tế xây dựng,xay_dung,
7580302,Quản lý xây dựng,xay_dung,
75I0406PH,Công nghệ kỹ thuật môi trường,moi_truong,
7620105,Chăn nuôi,nong_lam,
7620110,"Khoa học cây trồng (Nông nghiệp công nghệ cao, Khuyến nông và phát triển nông thôn)",nong_lam,
7620114,Kinh doanh nông nghiệp,nong_lam,
7620115,Kinh tế nông nghiệp,nong_lam,
7620201,Lâm học,nong_lam,
7620202,Lâm nghiệp,nong_lam,
7620205,Lâm sinh (Công nghệ viễn thám và GIS; Quản lý phát thải cacbon; Lâm sinh),nong_lam,
7620210,Lâm nghiệp,nong_lam,
7620211,Quản lý tài nguyên rừng (Kiểm lâm),nong_lam,
7640101,Thú y,thu_y,
7720101,Y khoa,y_te,
7720110,Y học dự phòng,y_te,
7720115,Y học cổ truyền,y_te,
7720201,Dược học,y_te,
7720203,Hóa dược,y_te,
7720301,Điều dưỡng Chương trình tiên tiến (*),y_te,
7720302,Hộ sinh,y_te,
7720401,Dinh dưỡng,y_te,
7720501,Răng-Hàm-Mặt,y_te,
7720502,Kĩ thuật phục hình răng,y_te,
7720601,Kỹ thuật xét nghiệm y học,y_te,
7720602,Kĩ thuật hình ảnh y học (**),y_te,
7720603,Kỹ thuật phục hồi chức năng,y_te,
7720609,Khúc xạ nhãn khoa,y_te,
7720699,Khúc xạ nhãn khoa,y_te,
7720701,Y tế công cộng,y_te,
7760101,Công tác xã hội,xa_hoi,
7760102,Công tác Thanh thiếu niên,xa_hoi,
7760103,Hỗ trợ giáo dục người khuyết tật,xa_hoi,
7810101,Du lịch,du_lich,
7810103,Quản trị dịch vụ du lịch và lữ hành,du_lich,
7810105,Du lịch địa chất,du_lich,
7810201,Quản trị khách sạn,du_lich,
7810202,Quản trị nhà hàng và dịch vụ ăn uống,du_lich,
7810301,Quản lý thể dục thể thao,du_lich,
7810302,Huấn luyện thể thao,du_lich,
7840101,"Khai thác vận tải (Chuyên ngành: Vận tải - Thương mại quốc tế, Quy hoạch và quản lý GTVT đô thị, Vận tải - Kinh tế đường bộ và thành phố, Vận tải đường sắt)",van_tai,
7840104,"Kinh tế vận tải (Chuyên ngành: Kinh tế vận tải ô tô, Kinh tế vận tải hàng không, Kinh tế vận tải đường sắt, Kinh tế vận tải thuỷ bộ)",van_tai,
7850101,Quản lý tài nguyên và môi trường,moi_truong,
7850102,Kinh tế tài nguyên thiên nhiên,moi_truong,
7850103,Quản lý đất đai,moi_truong,
7850104,Du lịch sinh thái,moi_truong,
7850106,Quản lý tài nguyên thiên nhiên,moi_truong,
7850196,Quản lý tài nguyên khoáng sản,moi_truong,
7850198,Quản lý tài nguyên nước,moi_truong,
7850199,Quản lý biển,moi_truong,
7850201,Bảo hộ lao động,moi_truong,
7850202,"An toàn, Vệ sinh lao động",moi_truong,
7860100,Nhóm ngành nghiệp vụ Cảnh sát (Thí sinh Nam),an_ninh,
7860113,"Phòng cháy chữa cháy và cứu nạn, cứu hộ (Thí sinh Nam, miền Bắc)",an_ninh,
7860114,"Ngành An ninh mạng và phòng chống tội phạm công nghệ cao (Thí sinh Nam, miền Bắc)",an_ninh,
7860201,Chỉ huy Tham mưu Lục quân,an_ninh,
7860207,Chỉ huy - Tham mưu đặc công (miền Nam),an_ninh,
7860214,Biên phòng (Thí sinh miền Bắc),an_ninh,
7860218,Hậu cần quân sự (Thí sinh Nam miền Bắc),an_ninh,
7860220,Kỹ sư quân sự (đào tạo chất lượng cao),an_ninh,
7860222,Quân sự cơ sở - Quân khu 1,an_ninh,
7860226,"Ngành Chỉ huy Tham mưu Phòng không, Không quân và Tác chiến điện tử (Thí sinh miền Bắc)",an_ninh,
7860229,Chỉ huy Kỹ thuật Hoá học (Miền Bắc),an_ninh,
7860231,"Trinh sát Kỹ thuật (Thí sinh Nam, phía Bắc)",an_ninh,
7903124,Kinh tế - Tài chính,kinh_te,
7908532,Quản lý tài nguyên thiên nhiên,moi_truong,
801,"Xuất bản, chuyên ngành Biên tập xuất bản",truyen_thong,
802,"Xuất bản, chuyên ngành Xuất bản điện tử",truyen_thong,
ACT01,Chất lượng cao Kế toán,kinh_te,
ACT02,Kế toán,kinh_te,
ACT03,"Kế toán (Liên kết ĐH Sunderland, Anh. Cấp song bằng)",kinh_te,
ACT04,Kiểm toán,kinh_te,
ACT05,Chất lượng cao Kiểm toán,kinh_te,
ACT06,Kế toán (Định hướng Nhật bản). Học viện Ngân hàng cấp bằng,kinh_te,
AI,Trí tuệ Nhân tạo,cntt,
B01,Công Nghệ Sinh Học,khoa_hoc_su_song,
BA,Quản trị Kinh doanh,kinh_te,
BANK01,Chất lượng cao Ngân hàng,kinh_te,
BANK02,Ngân hàng,kinh_te,
BANK03,Ngân hàng số,kinh_te,
BANK04,"Tài chính-Ngân hàng (Liên kết ĐH Sunderland, Anh Quốc. Cấp song bằng)",kinh_te,
BANK05,Ngân hàng,kinh_te,
BANK06,Chất lượng cao Ngân hàng và Tài chính quốc tế,kinh_te,
BANK07,Chất lượng cao Ngân hàng trung ương và chính sách công,kinh_te,
BANK08,"Ngân hàng Tài chính - Đại học West of England (UWE), Anh (Cấp song bằng)",kinh_te,
BANKK02,Ngân hàng,kinh_te,
BANKK03,Ngân hàng số,kinh_te,
BF-E12,Kỹ thuật Thực phẩm (CT tiên tiến),san_xuat_che_bien,
BF-E12x,Kỹ thuật Thực phẩm (CT tiên tiến),san_xuat_che_bien,
BF-E12y,Kỹ thuật Thực phẩm (CT tiên tiến),san_xuat_che_bien,
BF-E19,Kỹ thuật sinh học (CT tiên tiến),khoa_hoc_su_song,
BF1,Kỹ thuật Sinh học,khoa_hoc_su_song,
BF1x,Kỹ thuật Sinh học,khoa_hoc_su_song,
BF1y,Kỹ thuật Sinh học,khoa_hoc_su_song,
BF2,Kỹ thuật Thực phẩm,san_xuat_che_bien,
BF2x,Kỹ thuật Thực phẩm,san_xuat_che_bien,
BF2y,Kỹ thuật Thực phẩm,san_xuat_che_bien,
BI01,Công Nghệ Sinh Học,khoa_hoc_su_song,
BIO1,Công Nghệ Sinh Học,khoa_hoc_su_song,
BIO2,Công Nghệ Mỹ Phẩm*,san_xuat_che_bien,
BMS,Khoa Học Y Sinh,y_te,
BUS01,Chất lượng cao Quản trị kinh doanh,kinh_te,
BUS02,Quản trị kinh doanh,kinh_te,
BUS03,Quản trị du lịch,du_lich,
BUS04,"Quản trị kinh doanh (Liên kết với ĐH CityU, Hoa kỳ. Cấp song bằng)",kinh_te,
BUS05,Marketing,kinh_te,
BUS06,Chất lượng cao Marketing số,kinh_te,
BUS07,Marketing,kinh_te,
BUS08,Chất lượng cao Quản trị nhân lực,kinh_te,
BUS09,Chất lượng cao Kinh doanh số,kinh_te,
BUS10,"Quản trị kinh doanh, Hàng hải & Logistics - Đại học Genoa, CH Ý (Cấp song bằng)",kinh_te,
BUS11,"Marketing - Đại học West of England (UWE), Anh (Cấp song bằng)",kinh_te,
CB,Tiếng Trung Thương mại *,nhan_van,
CH-E11,Kỹ thuật Hóa dược (CT tiên tiến),y_te,
CH-E11x,Kỹ thuật Hóa dược (CT tiên tiến),y_te,
CH-E11y,Kỹ thuật Hóa dược (CT tiên tiến),y_te,
CH-E20,Hóa học Mỹ phẩm (mới) (CT tiên tiến),khoa_hoc_tu_nhien,
CH1,Kỹ thuật Hóa học,khoa_hoc_tu_nhien,
CH1Y,Kỹ thuật Hóa học,khoa_hoc_tu_nhien,
CH1x,Kỹ thuật Hóa học,khoa_hoc_tu_nhien,
CH2,Hóa học,khoa_hoc_tu_nhien,
CH2x,Hóa học,khoa_hoc_tu_nhien,
CH2y,Hóa học,khoa_hoc_tu_nhien,
CH3,Kỹ thuật In,san_xuat_che_bien,
CH3x,Kỹ thuật In,san_xuat_che_bien,
CH3y,Kỹ thuật In,san_xuat_che_bien,
CHE1,Kỹ Thuật Hóa Học,khoa_hoc_tu_nhien,
CHE2,Công Nghệ Pin Xe Điện*,dien_tu,
CL,Ngôn ngữ Trung Quốc,nhan_van,
CLC1,Kinh tế phát triển,kinh_te,
CLC1-01,(1) Kinh tế phát triển,kinh_te,
CLC1-02,(2) Ngân hàng,kinh_te,
CLC1-03,(3) Công nghệ thông tin và chuyển đổi số,cntt,
CLC1-04,(4) Bảo hiểm tích hợp chứng chỉ ANZIIF,kinh_te,
CLC2,Kinh tế đầu tư,kinh_te,
CLC2-01,(1) Kinh tế Đầu tư,kinh_te,
CLC2-02,(2) Quản trị nhân lực,kinh_te,
CLC2-03,(3) Quản trị kinh doanh,kinh_te,
CLC2-04,(4) Quan hệ công chúng,truyen_thong,
CLC3,Kinh tế quốc tế,kinh_te,
CLC3-01,(1) Tài chính doanh nghiệp,kinh_te,
CLC3-02,(2) Marketing số,kinh_te,
CLC3-03,(3) Quản trị Marketing,kinh_te,
CLC3-04,(4) Quản trị Kinh doanh quốc tế,kinh_te,
CLC3-05,(5) Kinh tế quốc tế,kinh_te,
CLC3-06,(6) Logistics và quản lý chuỗi cung ứng,kinh_te,
CLC3-07,(7) Thương mại điện tử,dien_tu,
CLC3-08,(8) Kiểm toán tích hợp chứng chỉ ACCA,kinh_te,
CN1,Công nghệ thông tin,cntt,
CN10,Công nghệ nông nghiệp,nong_lam,
CN11,Kỹ thuật điều khiển và tự động hoá,dien_tu,
CN12,Trí tuệ nhân tạo,cntt,
CN13,Kỹ thuật năng lượng,ky_thuat,
CN14,Hệ thống thông tin,cntt,
CN15,Mạng máy tính và truyền thông dữ liệu,cntt,
CN16,Công nghệ thông tin,cntt,
CN17,Kỹ thuật Robot,dien_tu,
CN18,Thiết kế công nghiệp và Đồ họa,nghe_thuat,
CN19,Công nghệ vật liệu (CT Công nghệ vật liệu và Vi điện tử),khoa_hoc_tu_nhien,
CN2,Kỹ thuật máy tính,cntt,
CN20,Khoa học dữ liệu (CT Khoa học và Kỹ thuật dữ liệu),khoa_hoc_tu_nhien,
CN21,Công nghệ sinh học (CT Công nghệ kỹ thuật sinh học),khoa_hoc_su_song,
CN3,Vật lý kỹ thuật,khoa_hoc_tu_nhien,
CN4,Cơ kỹ thuật,ky_thuat,
CN5,Công nghệ kỹ thuật xây dựng,xay_dung,
CN6,Công nghệ kỹ thuật cơ - điện tử,ky_thuat,
CN7,Công nghệ hàng không vũ trụ,ky_thuat,
CN8,Khoa học máy tính,cntt,
CN9,Công nghệ kỹ thuật điện tử – viễn thông,dien_tu,
CS,Khoa học Máy tính,cntt,
CT1,Tài chính – Ngân hàng,kinh_te,
CT2,Tài chính công,kinh_te,
CT3,(1) Tài chính doanh nghiệp,kinh_te,
DA,Thiết kế Mỹ thuật số *,nghe_thuat,
DEN1,Răng - Hàm - Mặt,y_te,
DKS-KS1,"Luật Kiểm Sát (GT: Nam, miền Bắc)",phap_luat,
DKS-KS2,"Luật Kiểm Sát (GT: Nữ, miền Bắc)",phap_luat,
DKS-KS3,"Luật Kiểm Sát (GT: Nam, miền Nam)",phap_luat,
DKS-KS4,"Luật Kiểm Sát (GT: Nữ, miền Nam)",phap_luat,
DKS-LKT,Luật Kinh Tế,phap_luat,
DKS-LUAT,Luật (Cơ sở Hà Nội),phap_luat,
DKS-LUATMB,Luật (Cơ sở Hà Nội),phap_luat,
DKS-LUATMN,Luật (Cơ sở TPHCM),phap_luat,
DS01,Khoa học dữ liệu trong kinh tế và kinh doanh,khoa_hoc_tu_nhien,
DS7480201,Công nghệ thông tin,cntt,
DS7480202,An toàn thông tin,cntt,
EBBA,Quản trị kinh doanh (E-BBA),kinh_te,
EC,Công nghệ Kỹ thuật Điện tử - Viễn thông (Thiết kế vi mạch bán dẫn),dien_tu,
ECON01,Kinh tế đầu tư,kinh_te,
ECON02,Chất lượng cao Kinh tế đầu tư,kinh_te,
ECON03,Kinh tế quốc tế,kinh_te,
ED2,Công nghệ Giáo dục,giao_duc,
ED2x,Công nghệ Giáo dục,giao_duc,
ED2y,Công nghệ Giáo dục,giao_duc,
ED3,Quản lý Giáo dục,giao_duc,
ED5,Tâm lý học công nghiệp và tổ chức (mới),y_te,
EE-E18,Hệ thống điện và năng lượng tái tạo (CT tiên tiến),dien_tu,
EE-E18x,Hệ thống điện và năng lượng tái tạo (CT tiên tiến),dien_tu,
EE-E18y,Hệ thống điện và năng lượng tái tạo (CT tiên tiến),dien_tu,
EE-E8,Kỹ thuật điều khiển-Tự động hóa (CT tiên tiến),dien_tu,
EE-E8x,Kỹ thuật điều khiển-Tự động hóa (CT tiên tiến),dien_tu,
EE-E8y,Kỹ thuật điều khiển-Tự động hóa (CT tiên tiến),dien_tu,
EE-EP,Tin học công nghiệp và Tự động hóa (CT Việt - Pháp PFIEV),dien_tu,
EE-Epx,Tin học công nghiệp và Tự động hóa (Chương trình Việt - Pháp PFIEV),dien_tu,
EE-Epy,Tin học công nghiệp và Tự động hóa (Chương trình Việt - Pháp PFIEV),dien_tu,
EE1,Kỹ thuật điện,ky_thuat,
EE1x,Kỹ thuật điện,ky_thuat,
EE1y,Kỹ thuật điện,ky_thuat,
EE2,Kỹ thuật điều khiển & Tự động hóa,dien_tu,
EE2X,Kỹ thuật điều khiển & Tự động hóa,dien_tu,
EE2y,Kỹ thuật điều khiển & Tự động hóa,dien_tu,
EEE-A1,Kỹ Thuật Điều Khiển Và Tự Động Hóa,dien_tu,
EEE-AI,Kỹ Thuật Điều Khiển Và Tự Động Hóa (Robot Và Trí Tuệ Nhân Tạo),dien_tu,
EEE1,Kỹ Thuật Điều Khiển Và Tự Động Hóa,dien_tu,
EEE2,Kỹ Thuật Y Sinh (Điện Tử Y Sinh),y_te,
EEE3,Kỹ Thuật Điện Tử - Viễn Thông (Hệ Thống Nhúng Thông Minh Và Iot),cntt,
EEE4,Kỹ Thuật Điện Tử - Viễn Thông (Thiết Kế Vi Mạch Bán Dẫn),dien_tu,
EM,Thương mại Điện tử,dien_tu,
EM-E13,Phân tích Kinh doanh (CT tiên tiến),kinh_te,
EM-E13x,Phân tích Kinh doanh (CT tiên tiến),kinh_te,
EM-E13y,Phân tích Kinh doanh (CT tiên tiến),kinh_te,
EM-E14,Logistics và Quản lý chuỗi cung ứng (CT tiên tiến),kinh_te,
EM-E14x,Logistics và Quản lý chuỗi cung ứng (CT tiên tiến),kinh_te,
EM-E14y,Logistics và Quản lý chuỗi cung ứng (CT tiên tiến),kinh_te,
EM-E17,Kế toán (mới) (CT tiên tiến),kinh_te,
EM1,Quản lý Năng lượng,dien_tu,
EM1x,Quản lý Năng lượng,dien_tu,
EM1y,Quản lý Năng lượng,dien_tu,
EM2,Quản lý Công nghiệp,kinh_te,
EM2x,Quản lý Công nghiệp,kinh_te,
EM2y,Quản lý Công nghiệp,kinh_te,
EM3,Quản trị Kinh doanh,kinh_te,
EM3x,Quản trị Kinh doanh,kinh_te,
EM3y,Quản trị Kinh doanh,kinh_te,
EM4,Kế toán (mới) (CT tiên tiến),kinh_te,
EM4x,Kế toán (mới) (CT tiên tiến),kinh_te,
EM4y,Kế toán (mới) (CT tiên tiến),kinh_te,
EM5,Tài chính-Ngân hàng,kinh_te,
EM5x,Tài chính-Ngân hàng,kinh_te,
EM5y,Tài chính-Ngân hàng,kinh_te,
ENV1,KHOA HỌC MÔI TRƯỜNG (SỨC KHOẺ MÔI TRƯỜNG VÀ PHÁT TRIỂN BỀN VỮNG),moi_truong,
EP01,Khởi nghiệp và phát triển kinh doanh (BBAE),kinh_te,
EP02,Khoa học tính toán trong Tài chính và Bảo hiểm,khoa_hoc_tu_nhien,
EP03,Phân tích dữ liệu kinh tế (EDA),kinh_te,
EP04,Kế toán tích hợp chứng chỉ quốc tế (ICAEW CFAB),kinh_te,
EP05,Kinh doanh số (E-BDB),kinh_te,
EP06,Phân tích kinh doanh (BA),kinh_te,
EP07,Quản trị điều hành thông minh (E-SOM),kinh_te,
EP08,Quản trị chất lượng và Đổi mới (E-MQI),kinh_te,
EP09,Công nghệ tài chính và Ngân hàng số,kinh_te,
EP10,Tài chính và Đầu tư (BFI),kinh_te,
EP11,Quản trị khách sạn quốc tế (IHME),du_lich,
EP12,Kiểm toán tích hợp chứng chỉ quốc tế (ICAEW CFAB),kinh_te,
EP13,Kinh tế học tài chính (FE),kinh_te,
EP14,Logistics và Quản lý CCU tích hợp chứng chỉ Logistic quốc tế (LSIC),kinh_te,
EP15,Khoa học dữ liệu,khoa_hoc_tu_nhien,
EP16,Trí tuệ nhân tạo,cntt,
EP17,Kỹ thuật phần mềm,ky_thuat,
EP18,Quản trị giải trí và sự kiện,du_lich,
EP19,Công nghệ Marketing,kinh_te,
EP20,Công nghệ Logistics và Quản trị chuỗi cung ứng,kinh_te,
EP21,Kiểm toán nội bộ,kinh_te,
EP22,Kinh tế quốc tế,kinh_te,
EP23,Kinh tế số (dự kiến),kinh_te,
EP24,Kinh tế Y tế,kinh_te,
EP25,Phát triển quốc tế,khoa_hoc_xa_hoi,
EP26,Công nghệ môi trường và phát triển bền vững,moi_truong,
EP27,Quản trị công nghiệp sáng tạo,kinh_te,
EP28,Quản trị nhân lực quốc tế,kinh_te,
EP29,Quản trị rủi ro định lượng,kinh_te,
EP30,Toán ứng dụng (dự kiến),toan_va_thong_ke,
EP31,Thẩm định giá,kinh_te,
EP32,Thống kê và Trí tuệ kinh doanh,kinh_te,
EPMP,Quản lý công và Chính sách (E-PMP),khoa_hoc_xa_hoi,
ET,Công nghệ Kỹ thuật Điện tử - Viễn thông (IC Design),dien_tu,
ET-E16,Truyền thông số và Kỹ thuật đa phương tiện (CT tiên tiến),truyen_thong,
ET-E16x,Truyền thông số và Kỹ thuật đa phương tiện (CT tiên tiến),truyen_thong,
ET-E16y,Truyền thông số và Kỹ thuật đa phương tiện (CT tiên tiến),truyen_thong,
ET-E4,Kỹ thuật Điện tử - Viễn thông (CT tiên tiến),dien_tu,
ET-E4x,Kỹ thuật Điện tử - Viễn thông (CT tiên tiến),dien_tu,
ET-E4y,Kỹ thuật Điện tử - Viễn thông (CT tiên tiến),dien_tu,
ET-E5,Kỹ thuật Y sinh (CT tiên tiến),y_te,
ET-E5x,Kỹ thuật Y sinh (CT tiên tiến),y_te,
ET-E5y,Kỹ thuật Y sinh (CT tiên tiến),y_te,
ET-E9,Hệ thống nhúng thông minh và IoT (tăng cường tiếng Nhật),cntt,
ET-E9x,Hệ thống nhúng thông minh và IoT (tăng cường tiếng Nhật),cntt,
ET-E9y,Hệ thống nhúng thông minh và IoT (tăng cường tiếng Nhật),cntt,
ET-LUH,Điện tử - Viễn thông - ĐH Leibniz Hannover (CHLB Đức),dien_tu,
ET-LUHX,Điện tử - Viễn thông - ĐH Leibniz Hannover (CHLB Đức),dien_tu,
ET-LUHY,Điện tử - Viễn thông - ĐH Leibniz Hannover (CHLB Đức),dien_tu,
ET1,Kỹ thuật Điện tử-Viễn thông,dien_tu,
ET1x,Kỹ thuật Điện tử-Viễn thông,dien_tu,
ET1y,Kỹ thuật Điện tử-Viễn thông,dien_tu,
ET2,Kỹ thuật Y sinh,y_te,
ET2x,Kỹ thuật Y sinh,y_te,
ET2y,Kỹ thuật Y sinh,y_te,
EV1,Kỹ thuật Môi trường,moi_truong,
EV1x,Kỹ thuật Môi trường,moi_truong,
EV1y,Kỹ thuật Môi trường,moi_truong,
EV2,Quản lý Tài nguyên và Môi trường,moi_truong,
EV2x,Quản lý Tài nguyên và Môi trường,moi_truong,
EV2y,Quản lý Tài nguyên và Môi trường,moi_truong,
F0L1,Luật Kinh Tế,phap_luat,
F0L2,Luật Kinh Doanh,phap_luat,
F0L3,Luật,phap_luat,
F0L4,Luật Quốc Tế,phap_luat,
F0L5,Luật Thương Mại Quốc Tế,phap_luat,
F0S1,Đông Phương Học,nhan_van,
FBE1,Quản Trị Kinh Doanh,kinh_te,
FBE10,Kinh Tế Và Quản Lý Đầu Tư*,kinh_te,
FBE11,Kinh Doanh Quốc Tế (Chương Trình Học Bằng Tiếng Việt)*,kinh_te,
FBE12,Kinh Doanh Thương Mại*,kinh_te,
FBE2,Kế Toán,kinh_te,
FBE3,Tài Chính - Ngân Hàng,kinh_te,
FBE4,Quản Trị Nhân Lực,kinh_te,
FBE5,Kiểm Toán,kinh_te,
FBE6,Kinh Doanh Quốc Tế (Các Học Phần Chuyên Ngành Học Bằng Tiếng Anh),nhan_van,
FBE7,Logistics Và Quản Lý Chuỗi Cung Ứng (Một Số Học Phần Chuyên Ngành Học Bằng Tiếng Anh),nhan_van,
FBE8,Marketing (Một Số Học Phần Chuyên Ngành Học Bằng Tiếng Anh),nhan_van,
FBE9,Công Nghệ Tài Chính,kinh_te,
FBES,Luật Kinh Tế,phap_luat,
FIDT1,Kinh Tế Số,kinh_te,
FIDT10,Quan Hệ Công Chúng*,truyen_thong,
FIDT2,Quản Trị Kinh Doanh (Kinh Doanh Số),kinh_te,
FIDT3,Thương Mại Điện Tử,dien_tu,
FIDT4,Logistics Và Quản Lý Chuỗi Cung Ứng (Logistics Số),kinh_te,
FIDT5,Marketing (Công Nghệ Marketing),kinh_te,
FIDT6,Truyền Thông Đa Phương Tiện,truyen_thong,
FIDT7,Công Nghệ Tài Chính,kinh_te,
FIDT8,Hệ Thống Thông Tin Quản Lý*,kinh_te,
FIDT9,Kinh Tế Quốc Tế (Phân Tích Dữ Liệu Kinh Doanh)*,kinh_te,
FIN01,Chất lượng cao Tài chính,kinh_te,
FIN02,Tài chính,kinh_te,
FIN03,Công nghệ tài chính,kinh_te,
FIN04,Chất lượng cao Hoạch định và tư vấn tài chính,van_tai,
FIN05,Công nghệ tài chính,kinh_te,
FL01,Ngôn ngữ Anh Tài chính – Ngân hàng,kinh_te,
FL02,Chất lượng cao Ngôn ngữ Anh Tài chính – Ngân hàng,kinh_te,
FL1,Tiếng Anh KHKT và Công nghệ,nhan_van,
FL1x,Tiếng Anh KHKT và Công nghệ,nhan_van,
FL1y,Tiếng Anh KHKT và Công nghệ,nhan_van,
FL2,Tiếng Anh chuyên nghiệp quốc tế (do ĐHBK Hà Nội và ĐH Plymouth Marjon - Vương quốc Anh cấp bằng),nhan_van,
FL2x,Tiếng Anh chuyên nghiệp quốc tế (do ĐHBK Hà Nội và ĐH Plymouth Marjon - Vương quốc Anh cấp bằng),nhan_van,
FL2y,Tiếng Anh chuyên nghiệp quốc tế (do ĐHBK Hà Nội và ĐH Plymouth Marjon - Vương quốc Anh cấp bằng),nhan_van,
FL3,Tiếng Trung KH&CN,nhan_van,
FL4,Tiếng Hàn KH&CN (mới),nhan_van,
FLC1,Ngôn Ngữ Trung Quốc,nhan_van,
FLE1,Ngôn Ngữ Anh,nhan_van,
FLF1,Ngôn Ngữ Pháp,nhan_van,
FLJ1,Ngôn Ngữ Nhật,nhan_van,
FLK1,Ngôn Ngữ Hàn Quốc,nhan_van,
FOL1,Luật Kinh Tế,phap_luat,
FOL2,Luật Kinh Doanh,phap_luat,
FOL3,Luật,phap_luat,
FOL4,Luật Quốc Tế,phap_luat,
FOL5,Luật Thương Mại Quốc Tế,phap_luat,
FOS1,Đông Phương Học,nhan_van,
FOS2,Việt Nam Học*,nhan_van,
FSP1,Vật lý tài năng,khoa_hoc_tu_nhien,
FTME,Y Học Cổ Truyền,y_te,
FTS1,Du Lịch (Định Hướng Quản Trị Du Lịch),du_lich,
FTS2,Quản Trị Khách Sạn,du_lich,
FTS3,Kinh Doanh Du Lịch Số,du_lich,
FTS4,Hướng Dẫn Du Lịch Quốc Tế,du_lich,
GA,Đồ họa Game,nghe_thuat,
GD,Thiết kế Đồ họa,nghe_thuat,
GD1,Sư phạm Toán học,giao_duc,
GD2,Sư phạm Ngữ văn,giao_duc,
GD3,Khoa học giáo dục và khác,khoa_hoc_tu_nhien,
GD4,Giáo dục Tiểu học,giao_duc,
GD5,Giáo dục Mầm non,giao_duc,
GHA01,Ngôn ngữ Anh,nhan_van,
GHA02,Toán ứng dụng (chuyên ngành Toán tin ứng dụng),cntt,
GHA03,Kinh tế (chuyên ngành: Kinh tế và quản lý đầu tư; Kinh tế bưu chính viễn thông),kinh_te,
GHA04,Quản trị kinh doanh,kinh_te,
GHA04QT,Quản trị kinh doanh (Chương trình CLC Quản trị kinh doanh Việt-Anh),kinh_te,
GHA05,Tài chính - Ngân hàng,kinh_te,
GHA06,Kế toán (chuyên ngành Kế toán tổng hợp),kinh_te,
GHA06QT,Kế toán (Chương trình CLC Kế toán tổng hợp Việt-Anh),kinh_te,
GHA10,Logistics và quản lý chuỗi cung ứng,kinh_te,
GHA10QT,Logistics và quản lý chuỗi cung ứng (Chương trình CLC Logistics và quản lý chuỗi cung ứng Việt -Anh),kinh_te,
GHA13,Khoa học máy tính,cntt,
GHA14,Công nghệ thông tin,cntt,
GHA14QT,Công nghệ thông tin (Chương trình CLC Công nghệ thông tin Việt-Anh),cntt,
GHA15,Trí tuệ nhân tạo,cntt,
GHA16,Kỹ thuật cơ khí (chuyên ngành: Công nghệ chế tạo cơ khí; Tự động hoá thiết kế cơ khí),dien_tu,
GHA16QT,Kỹ thuật cơ khí (Chương trình CLC Tự động hóa thiết kế cơ khí),dien_tu,
GHA17,Kỹ thuật cơ điện tử,ky_thuat,
GHA18,Kỹ thuật nhiệt (chuyên ngành: Kỹ thuật nhiệt lạnh và điều hoà không khí),ky_thuat,
GHA19,Kỹ thuật cơ khí động lực (chuyên ngành: Kỹ thuật phương tiện đường sắt; Máy xây dựng; Kỹ thuật máy động lực),xay_dung,
GHA19DS,Kỹ thuật cơ khí động lực (chuyên ngành: Kỹ thuật phương tiện đường sắt tốc độ cao),ky_thuat,
GHA20,Kỹ thuật ô tô,ky_thuat,
GHA20QT,Kỹ thuật ô tô (Chương trình CLC Kỹ thuật ô tô Việt - Anh),ky_thuat,
GHA21,Kỹ thuật điện (chuyên ngành: Trang bị điện trong công nghiệp và GTVT; Hệ thống điện trong giao thông và công nghiệp),dien_tu,
GHA21DS,Kỹ thuật điện (chuyên ngành: Hệ thống điện đường sắt tốc độ cao; đường sắt đô thị),dien_tu,
GHA22,Kỹ thuật điện tử - viễn thông (chuyên ngành: Kỹ thuật viễn thông; Kỹ thuật thông tin và truyền thông),dien_tu,
GHA22BD,Kỹ thuật điện tử - viễn thông (chuyên ngành: Kỹ thuật điện tử và tin học công nghiệp),dien_tu,
GHA22QT,Kỹ thuật điện tử - viễn thông (Chuyên ngành Kỹ thuật điện tử và tin học công nghiệp),dien_tu,
GHA23,Kỹ thuật điều khiển và tự động hoá (chuyên ngành: Tự động hoá; Kỹ thuật điều khiển và tự động hoá giao thông),dien_tu,
GHA23DS,Kỹ thuật điều khiển và tự động hoá (chuyên ngành: Điều khiển và thông tin tín hiệu đường sắt hiện đại),dien_tu,
GHA24,Kỹ thuật robot (chuyên ngành Kỹ thuật robot & trí tuệ nhân tạo),dien_tu,
GHA33,Kỹ thuật máy tính (theo hướng chuyên sâu vi mạch-bán dẫn; bao gồm lớp kỹ sư tài năng),cntt,
GTADATT2,Công nghệ thông tin (tăng cường tiếng Anh),cntt,
GTADCAI2,Trí tuệ nhân tạo,cntt,
GTADCAI3,Trí tuệ nhân tạo,cntt,
GTADCAI4,Trí tuệ nhân tạo,cntt,
GTADCAI5,Trí tuệ nhân tạo,cntt,
GTADCAI6,Trí tuệ nhân tạo,cntt,
GTADCAI7,Trí tuệ nhân tạo,cntt,
GTADCAT2,An toàn dữ liệu và an ninh mạng,an_ninh,
GTADCBC2,"Quản lý, khai thác và bảo trì đường cao tốc",ky_thuat,
GTADCBG2,"Quản lý, khai thác và bảo trì đường cao tốc",ky_thuat,
GTADCBI2,Mô hình thông tin công trình giao thông (BIM),xay_dung,
GTADCBM2,Mô hình thông tin công trình (BIM) trong dự án HTGT,xay_dung,
GTADCCD1,CNKT Cầu đường bộ (học tại Vĩnh Phúc),xay_dung,
GTADCCD2,Công nghệ kỹ thuật xây dựng Cầu đường bộ,xay_dung,
GTADCCD3,CNKT XD Cầu đường bộ (học tại Thái Nguyên),xay_dung,
GTADCCDD2,Công nghệ kỹ thuật xây dựng cầu đường bộ (hợp tác doanh nghiệp),xay_dung,
GTADCCDJ2,"Công nghệ kỹ thuật xây dựng Cầu đường bộ (tăng cường tiếng Nhật, định hướng làm việc tại Nhật Bản)",xay_dung,
GTADCCH2,Hạ tầng giao thông đô thị thông minh,xay_dung,
GTADCCI2,Thương mại quốc tế,kinh_te,
GTADCCK2,Công nghệ kỹ thuật Cơ khí,ky_thuat,
GTADCCM1,Công nghệ chế tạo máy,ky_thuat,
GTADCCM2,Công nghệ chế tạo máy,ky_thuat,
GTADCCMJ2,"Công nghệ chế tạo máy (tăng cường tiếng Nhật, định hướng làm việc tại Nhật Bản)",ky_thuat,
GTADCCN2,Công nghệ kỹ thuật cơ điện tử,ky_thuat,
GTADCCO2,Công nghệ kỹ thuật cơ điện tử,ky_thuat,
GTADCCS2,CNKT xây dựng Đường sắt - Metro,xay_dung,
GTADCDD1,Công nghệ kỹ thuật XDCT DD&CN (học tại Vĩnh Phúc),xay_dung,
GTADCDD2,CNKT công trình xây dựng dân dụng và công nghiệp,xay_dung,
GTADCDD3,Công nghệ kỹ thuật XDCT DD&CN (học tại Thái Nguyên),xay_dung,
GTADCDM2,CNKT cơ khí đầu máy - toa xe và tàu điện Metro,ky_thuat,
GTADCDS2,Xây dựng Cầu – đường sắt,xay_dung,
GTADCDT1,CNKT Điện tử - viễn thông (học tại Vĩnh Phúc),dien_tu,
GTADCDT2,Công nghệ kỹ thuật điện tử - viễn thông,dien_tu,
GTADCDTJ2,"Công nghệ kỹ thuật Điện tử - Viễn thông (tăng cường tiếng Nhật, định hướng làm việc tại Nhật Bản)",dien_tu,
GTADCDX2,CNKT công trình XD dân dụng và công nghiệp,ky_thuat,
GTADCEN2,Ngôn ngữ Anh,nhan_van,
GTADCFT2,Công nghệ tài chính,kinh_te,
GTADCGO2,Công nghệ kỹ thuật ô tô,ky_thuat,
GTADCH2,Hải quan và Logistics,kinh_te,
GTADCHL2,Hải quan và Logistics,kinh_te,
GTADCHQ2,Hải quan và Logistics,kinh_te,
GTADCHS2,Đường sắt tốc độ cao,van_tai,
GTADCHSA2,"Đường sắt tốc độ cao (công nghệ Hàn Quốc, tăng cường tiếng Anh)",nhan_van,
GTADCHT2,Hệ thống thông tin,cntt,
GTADCIT2,Công nghệ thông tin,cntt,
GTADCKB2,Kinh tế và quản lý bất động sản,kinh_te,
GTADCKN2,Kiến trúc nội thất,xay_dung,
GTADCKQ2,Kinh doanh quốc tế,kinh_te,
GTADCKQA2,Kinh doanh quốc tế,kinh_te,
GTADCKS2,Kinh doanh số,kinh_te,
GTADCKT1,Kế toán doanh nghiệp (học tại Vĩnh Phúc),kinh_te,
GTADCKT2,Kế toán doanh nghiệp,kinh_te,
GTADCKT21,Kế toán doanh nghiệp,kinh_te,
GTADCKT3,Kế toán doanh nghiệp,kinh_te,
GTADCKTI,Kế toán doanh nghiệp,kinh_te,
GTADCKX1,Kinh tế xây dựng,xay_dung,
GTADCKX2,Kinh tế xây dựng,xay_dung,
GTADCKX3,Kinh tế xây dựng,xay_dung,
GTADCLA2,Luật,phap_luat,
GTADCLD2,Lữ hành và du lịch,du_lich,
GTADCLDA2,Lữ hành và du lịch (tăng cường tiếng Anh),nhan_van,
GTADCLG1,Logistics và quản lý chuỗi cung ứng,kinh_te,
GTADCLG2,Logistics và quản lý chuỗi cung ứng,kinh_te,
GTADCLGA2,Logistics và quản lý chuỗi cung ứng (tăng cường tiếng Anh),nhan_van,
GTADCLGJ2,"Logistics và quản lý chuỗi cung ứng (tăng cường tiếng Nhật, định hướng làm việc tại Nhật Bản)",kinh_te,
GTADCLH2,Logistics và hạ tầng giao thông,kinh_te,
GTADCLHA2,Hải quan và Logistics (tăng cường tiếng Anh),nhan_van,
GTADCMA2,Marketing,kinh_te,
GTADCMN2,Công nghệ và quản lý môi trường,moi_truong,
GTADCMQ2,Công nghệ và quản lý thiết bị xây dựng,xay_dung,
GTADCMQ3,Công nghệ và quản lý thiết bị xây dựng,xay_dung,
GTADCMQ4,Công nghệ và quản lý thiết bị xây dựng,xay_dung,
GTADCMQ5,Công nghệ và quản lý thiết bị xây dựng,xay_dung,
GTADCMQ6,Công nghệ và quản lý thiết bị xây dựng,xay_dung,
GTADCMS2,Digital Marketing,kinh_te,
GTADCMT2,CNKT cơ khí tàu thủy và công trình nổi,ky_thuat,
GTADCMX2,Máy và thiết bị tự động hóa xây dựng,dien_tu,
GTADCOD2,Cơ điện tử ô tô,ky_thuat,
GTADCODA2,Cơ điện tử - ô tô (tăng cường tiếng Anh),nhan_van,
GTADCOG2,Công nghệ ô tô và giao thông thông minh,ky_thuat,
GTADCOH2,Công nghệ ô tô điện và ô tô hybrid,ky_thuat,
GTADCOT1,Công nghệ kỹ thuật ô tô (học tại Vĩnh Phúc),ky_thuat,
GTADCOT2,Công nghệ kỹ thuật ô tô,ky_thuat,
GTADCOT3,Công nghệ kỹ thuật ô tô,ky_thuat,
GTADCOTI,Công nghệ kỹ thuật ô tô,ky_thuat,
GTADCPK2,Phân tích dữ liệu trong kinh tế,kinh_te,
GTADCQK2,Quản lý kinh tế,kinh_te,
GTADCQM2,Quản trị Marketing,kinh_te,
GTADCQMA2,Quản trị Marketing (tăng cường tiếng Anh),nhan_van,
GTADCQS2,Quản lý xây dựng số,xay_dung,
GTADCQS3,Quản lý xây dựng số,xay_dung,
GTADCQS4,Quản lý xây dựng số,xay_dung,
GTADCQS5,Quản lý xây dựng số,xay_dung,
GTADCQS6,Quản lý xây dựng số,xay_dung,
GTADCQT2,Quản trị doanh nghiệp,kinh_te,
GTADCQX2,Quản lý xây dựng,xay_dung,
GTADCQXD2,Quản lý xây dựng (hợp tác doanh nghiệp),xay_dung,
GTADCRT2,Công nghệ kỹ thuật Robot và Trí tuệ nhân tạo,dien_tu,
GTADCSS2,Xây dựng Cầu - Đường sắt,xay_dung,
GTADCTD2,Thương mại điện tử,dien_tu,
GTADCTDA2,Thương mại điện tử (tăng cường tiếng Anh),nhan_van,
GTADCTG2,Trí tuệ nhân tạo và giao thông thông minh,cntt,
GTADCTGA2,Trí tuệ nhân tạo và giao thông thông minh (tăng cường tiếng Anh),nhan_van,
GTADCTM2,Mạng máy tính và truyền thông dữ liệu,cntt,
GTADCTN2,Tài chính doanh nghiệp,kinh_te,
GTADCTQ2,Thanh tra và quản lý công trình giao thông,khoa_hoc_xa_hoi,
GTADCTT1,Công nghệ thông tin (học tại Vĩnh Phúc),cntt,
GTADCTT2,Công nghệ thông tin,cntt,
GTADCTTA2,Công nghệ thông tin (tăng cường tiếng Anh),cntt,
GTADCTTI,Công nghệ thông tin,cntt,
GTADCVL2,Logistics và vận tải đa phương thức,van_tai,
GTADCVM2,Công nghệ kỹ thuật vi mạch bán dẫn,ky_thuat,
GTADCVS2,Quản lý và điều hành vận tải đường sắt,van_tai,
GTADCVV2,Kỹ thuật vi điện tử và vật lý bán dẫn,khoa_hoc_tu_nhien,
GTADCXQ2,Xây dựng và quản lý hạ tầng đô thị,xay_dung,
GTADCXS2,Xây dựng và quản lý khai thác đường sắt đô thị,xay_dung,
GTADKLG2,Logistics - Trường Đại học Tongmyong - Hàn Quốc cấp bằng,kinh_te,
GTADKTT2,Công nghệ thông tin – ĐH Công nghệ thông tin và quản lý Ba Lan- UITM cấp bằng,cntt,
GTADNCD2,Công nghệ kỹ thuật xây dựng Cầu đường bộ,xay_dung,
GTADNDT2,Công nghệ kỹ thuật điện tử - viễn thông,dien_tu,
GTADNLG2,Logistics và quản lý chuỗi cung ứng,kinh_te,
HC0101QT,Thuế và Quản trị thuế (Theo định hướng ACCA),kinh_te,
HC0106QT,Hải quan và Logistics (Theo định hướng FIATA),kinh_te,
HC0108QT,Tài chính quốc tế (Theo định hướng CMA) *,kinh_te,
HC0109QT,Phân tích tài chính (Theo định hướng ICAEW CFAB),kinh_te,
HC0111QT,Tài chính doanh nghiệp (Theo định hướng ACCA),kinh_te,
HC0115QT,Ngân hàng (Theo định hướng ICAEW CFAB),kinh_te,
HC0119,Tài chính - Ngân hàng (CTĐT Thuế; Hải quan và nghiệp vụ ngoại thương; Tài chính quốc tế; Phân tích tài chính; Tài chính doanh nghiệp; Ngân hàng; Đầu tư tài chính; Tài chính số *),kinh_te,
HC0119QT,Đầu tư tài chính (Theo định hướng ICAEW CFAB),kinh_te,
HC0201QT,Kế toán doanh nghiệp (Theo định hướng ACCA),kinh_te,
HC0202QT,Kế toán quản trị và Kiểm soát quản lý (Theo định hướng CMA),kinh_te,
HC0203QT,Kế toán công (Theo định hướng ACCA),kinh_te,
HC0214,Kế toán (CTĐT Kế toán doanh nghiệp; Kế toán công; Kế toán và phân tích dữ liệu *),kinh_te,
HC0301QT,Quản trị doanh nghiệp (Theo định hướng ICAEW CFAB),kinh_te,
HC0303QT,Quản trị kinh doanh khách sạn (Theo định hướng AHLEI) *,du_lich,
HC0312,Quản trị kinh doanh (CTĐT Quản trị doanh nghiệp; Quản trị kinh doanh du lịch),du_lich,
HC0401,Tin học tài chính kế toán,kinh_te,
HC0512,Ngôn ngữ Anh (CTĐT Tiếng Anh tài chính kế toán; Tiếng Anh và tiếng Trung tài chính kế toán *),nhan_van,
HC0613,Kinh tế (CTĐT Kinh tế và quản lý nguồn lực tài chính; Kinh tế số *),kinh_te,
HC0701,Quản lý tài chính công,kinh_te,
HC0801,Tài chính bảo hiểm,kinh_te,
HC0901,Thẩm định giá và kinh doanh bất động sản,kinh_te,
HC0901QT,Thẩm định giá và kinh doanh bất động sản (Theo định hướng ACCA),kinh_te,
HC1001,Kiểm toán,kinh_te,
HC1001QT,Kiểm toán (Theo định hướng ICAEW CFAB),kinh_te,
HC1101,Marketing,kinh_te,
HC1102QT,Digital Marketing (Theo định hướng ICDL),kinh_te,
HC1201,Kinh tế đầu tư,kinh_te,
HC1201QT,Kinh tế đầu tư (Theo định hướng ACCA),kinh_te,
HC1301,Trí tuệ nhân tạo trong tài chính kế toán,kinh_te,
HC1412,Khoa học dữ liệu (CTĐT Khoa học dữ liệu trong tài chính; An ninh tài chính *),khoa_hoc_tu_nhien,
HC1501QT,Kinh doanh quốc tế (Theo định hướng ICAEW CFAB),kinh_te,
HC1601,Kinh tế chính trị - Tài chính,kinh_te,
HC1701,Luật kinh doanh,phap_luat,
HC1812,Toán kinh tế (CTĐT Toán tài chính; Thống kê ứng dụng trong tài chính *),kinh_te,
HCDDP,Chương trình LKĐT mỗi bên cấp Một Bằng cử nhân DDP (Dual Degree Programme),khac,
HCTOULON1,"Bảo hiểm - Ngân hàng - Tài chính (Chương trình LKĐT với Trường Đại học Toulon, Cộng hòa Pháp)",kinh_te,
HCTOULON2,"Kế toán – Kiểm soát – Kiểm toán (Chương trình LKĐT với Trường Đại học Toulon, Cộng hòa Pháp)",kinh_te,
HE1,Kỹ thuật Nhiệt,ky_thuat,
HE1x,Kỹ thuật Nhiệt,ky_thuat,
HE1y,Kỹ thuật Nhiệt,ky_thuat,
HM1,Quản Lý Bệnh Viện,kinh_te,
HQT01,Quan hệ quốc tế,truyen_thong,
HQT02,Ngôn ngữ Anh,nhan_van,
HQT03,Kinh tế quốc tế,kinh_te,
HQT04,Luật quốc tế,phap_luat,
HQT05,Truyền thông quốc tế,truyen_thong,
HQT06,Kinh doanh quốc tế,kinh_te,
HQT07,Luật thương mại quốc tế,phap_luat,
HQT08-01,Hàn Quốc học,nhan_van,
HQT08-02,Hoa Kỳ học,nhan_van,
HQT08-03,Nhật Bản học,nhan_van,
HQT08-04,Trung Quốc học,nhan_van,
HS0106QT,Hải quan và Logistics (Theo định hướng FIATA),kinh_te,
HS0109QT,Phân tích tài chính (Theo định hướng ICAEW CFAB),kinh_te,
HS0111QT,Tài chính doanh nghiệp (Theo định hướng ACCA),kinh_te,
HS0201QT,Kế toán doanh nghiệp (Theo định hướng ACCA),kinh_te,
HS1001QT,Kiểm toán (Theo định hướng ICAEW CFAB),kinh_te,
HVN01,Thú y,thu_y,
HVN02,Chăn nuôi thú y - Thuỷ sản,thu_y,
HVN03,Nông nghiệp và cảnh quan,nong_lam,
HVN04,Công nghệ kỹ thuật ô tô và Cơ điện tử,ky_thuat,
HVN05,Kỹ thuật cơ khí,ky_thuat,
HVN06,"Kỹ thuật điện, Điện từ và Tự động hoá",dien_tu,
HVN07,Logistics và Quản lý chuỗi cung ứng,kinh_te,
HVN08,"Kế toán, Quản trị kinh doanh và Thương mại",kinh_te,
HVN09,Công nghệ sinh học và Công nghệ dược liệu,khoa_hoc_su_song,
HVN10,Công nghệ thực phẩm và Chế biến,san_xuat_che_bien,
HVN11,Kinh tế và Quản lý,kinh_te,
HVN12,Xã hội học,khoa_hoc_xa_hoi,
HVN13,Luật,phap_luat,
HVN14,Công nghệ thông tin và Kỹ thuật số,cntt,
HVN15,"Quản lý đất đai, Bất động sản và Môi trường",moi_truong,
HVN16,Khoa học môi trường,moi_truong,
HVN17,Ngôn ngữ Anh,nhan_van,
HVN18,Ngôn ngữ Trung Quốc,nhan_van,
HVN19,Sư phạm công nghệ,giao_duc,
HVN20,Du lịch,du_lich,
HVN21,Quản lý và phát triển du lịch,du_lich,
HVN22,Quy hoạch vùng vả Đô thị,xay_dung,
HVN23,Di sản học,nhan_van,
HVN24,Chăn nuôi thú y - Thuỷ sản,thu_y,
HVN25,Xã hội học,khoa_hoc_xa_hoi,
HY0151,Tài chính – Ngân hàng (CTĐT Tài chính doanh nghiệp; Ngân hàng),kinh_te,
HY0213,Kế toán (CTĐT Kế toán doanh nghiệp; Kế toán công),kinh_te,
HY0312,Quản trị kinh doanh (CTĐT Quản trị doanh nghiệp; Quản trị kinh doanh du lịch),du_lich,
HY0402,Công nghệ thương mại điện tử,dien_tu,
HY0603,Quản lý kinh tế,kinh_te,
HY1001,Kiểm toán,kinh_te,
HY1101,Marketing,kinh_te,
HY1502,Thương mại quốc tế,kinh_te,
IB,Kinh doanh Quốc tế *,kinh_te,
IB01,Kinh doanh quốc tế,kinh_te,
IB02,Logistics và quản lý chuỗi cung ứng,kinh_te,
IB03,Kinh doanh quốc tế,kinh_te,
IB04,Chất lượng cao Kinh doanh quốc tế,kinh_te,
IB05,Chất lượng cao Thương mại điện tử,dien_tu,
IB06,Chất lượng cao Logistics và Quản lý chuỗi cung ứng,kinh_te,
IB07,"Quản trị kinh doanh quốc tế - Đại học West of England (UWE), Anh (Cấp song bằng)",kinh_te,
ICT-AI,Khoa Học Máy Tính (Trí Tuệ Nhân Tạo Và Khoa Học Dữ Liệu),cntt,
ICT-TN,Tài Năng Khoa Học Máy Tính,cntt,
ICT-V3,Công Nghệ Thông Tin Việt Nhật,cntt,
ICT-VJ,Công Nghệ Thông Tin Việt Nhật,cntt,
ICT1,Công Nghệ Thông Tin,cntt,
ICT2,Kỹ Thuật Phần Mềm (Một Số Học Phần Chuyên Ngành Học Bằng Tiếng Anh),nhan_van,
ICT3,Khoa Học Máy Tính (Trí Tuệ Nhân Tạo Và Khoa Học Dữ Liệu),cntt,
ICT4,An Toàn Thông Tin (Một Số Học Phần Chuyên Ngành Học Bằng Tiếng Anh),nhan_van,
ICT5,Trí Tuệ Nhân Tạo,cntt,
ICT6,Khoa Học Dữ Liệu*,khoa_hoc_tu_nhien,
ICT7,Hệ Thống Thông Tin*,cntt,
ICT8,An Ninh Mạng*,an_ninh,
IT,Công nghệ Thông tin,cntt,
IT-E10,Khoa học Dữ liệu và Trí tuệ nhân tạo (CT tiên tiến),khoa_hoc_tu_nhien,
IT-E10x,Khoa học Dữ liệu và Trí tuệ nhân tạo (CT tiên tiến),khoa_hoc_tu_nhien,
IT-E15,An toàn không gian số - Cyber Security (CT tiên tiến),cntt,
IT-E15x,An toàn không gian số - Cyber Security (CT tiên tiến),cntt,
IT-E6,Công nghệ Thông tin Việt - Nhật (tăng cường tiếng Nhật),cntt,
IT-E6x,Công nghệ Thông tin Việt - Nhật (tăng cường tiếng Nhật),cntt,
IT-E6y,Công nghệ Thông tin Việt - Nhật (tăng cường tiếng Nhật),cntt,
IT-E7,Công nghệ Thông tin Global ICT (CT tiên tiến),cntt,
IT-E7x,Công nghệ Thông tin Global ICT (CT tiên tiến),cntt,
IT-EP,Công nghệ Thông tin Việt - Pháp (tăng cường tiếng Pháp),cntt,
IT-Epx,Công nghệ Thông tin Việt - Pháp (tăng cường tiếng Pháp),cntt,
IT-VJ,Công nghệ Thông tin,cntt,
IT-VK,Công nghệ Thông tin,cntt,
IT01,Công nghệ thông tin,cntt,
IT1,CNTT: Khoa học Máy tính,cntt,
IT1x,CNTT: Khoa học Máy tính,cntt,
IT2,CNTT: Kỹ thuật Máy tính,cntt,
IT2x,CNTT: Kỹ thuật Máy tính,cntt,
IT2y,CNTT: Kỹ thuật Máy tính,cntt,
JL,Tiếng Nhật thương mại,nhan_van,
KDQH1,Chương trình tiêu chuẩn Kinh doanh quốc tế,kinh_te,
KDQH2,Chương trình ĐHNNQT Logistics và Quản lý chuỗi cung ứng,kinh_te,
KDQH4,Chương trình tiên tiến i-Hons hợp tác với Đại học Queensland về Kinh doanh quốc tế và Phân tích dữ liệu kinh doanh,kinh_te,
KDQQ1,Chương trình tiêu chuẩn Kinh doanh quốc tế,kinh_te,
KHMH2,Chương trình Khoa học máy tính và dữ liệu trong kinh tế và kinh doanh,cntt,
KL,Ngôn ngữ Hàn Quốc,nhan_van,
KTCH2,Chương trình ĐHPTQT Kinh tế chính trị quốc tế,kinh_te,
KTEH1,Chương trình tiêu chuẩn Thương mại quốc tế,kinh_te,
KTEH2,Chương trình CLC Kinh tế đối ngoại,kinh_te,
KTEH4,Chương trình tiên tiến Kinh tế đối ngoại,kinh_te,
KTKH1,Chương trình tiêu chuẩn Kế toán - Kiểm toán,kinh_te,
KTKH2,Chương trình ĐHNNQT Kế toán - Kiểm toán theo định hướng ACCA,kinh_te,
KTKQ1,Chương trình tiêu chuẩn Kế toán - Kiểm toán,kinh_te,
KTQH,CT TC Kinh tế quốc tế,kinh_te,
KTQH1,Chương trình tiêu chuẩn Kinh tế quốc tế,kinh_te,
KTQH2,Chương trình CLC Kinh tế quốc tế,kinh_te,
LAW01,Luật kinh tế,phap_luat,
LAW02,Luật kinh tế,phap_luat,
LAW03,Chất lượng cao Luật Kinh tế,phap_luat,
LAW04,Luật học,phap_luat,
LAWH1,Chương trình tiêu chuẩn Luật thương mại quốc tế,phap_luat,
LAWH2,Chương trình ĐHNNQT Luật Kinh doanh quốc tế theo mô hình thực hành nghề nghiệp,phap_luat,
LS,Logistics và Quản lý chuỗi cung ứng,kinh_te,
MAT01,Toán Tin Ứng Dụng*,cntt,
MAT02,Toán Ứng Dụng Trong Kinh Tế Và Logistics*,kinh_te,
MC,Truyền thông Đa phương tiện *,truyen_thong,
ME-E1,Kỹ thuật Cơ điện tử (CT tiên tiến),ky_thuat,
ME-E1x,Kỹ thuật Cơ điện tử (CT tiên tiến),ky_thuat,
ME-E1y,Kỹ thuật Cơ điện tử (CT tiên tiến),ky_thuat,
ME-GU,Cơ khí Chế tạo máy - hợp tác với trường ĐH Griffith (Úc),ky_thuat,
ME-Gux,Cơ khí - Chế tạo máy - hợp tác với ĐH Griffith (Úc),ky_thuat,
ME-Guy,Cơ khí - Chế tạo máy - hợp tác với ĐH Griffith (Úc),ky_thuat,
ME-LUH,Cơ điện tử - hợp tác với ĐH Leibniz Hannover (CHLB Đức),ky_thuat,
ME-LUHx,Cơ điện tử - hợp tác với ĐH Leibniz Hannover (CHLB Đức),ky_thuat,
ME-LUHy,Cơ điện tử - hợp tác với ĐH Leibniz Hannover (CHLB Đức),ky_thuat,
ME-NUT,Cơ điện tử - hợp tác với ĐHCN Nagaoka (Nhật Bản),ky_thuat,
ME-NUTx,Cơ điện tử - hợp tác với ĐHCN Nagaoka (Nhật Bản),ky_thuat,
ME-NUTy,Cơ điện tử - hợp tác với ĐHCN Nagaoka (Nhật Bản),ky_thuat,
ME1,Kỹ thuật Cơ điện tử,ky_thuat,
ME1x,Kỹ thuật Cơ điện tử,ky_thuat,
ME1y,Kỹ thuật Cơ điện tử,ky_thuat,
ME2,Kỹ thuật Cơ khí,ky_thuat,
ME2x,Kỹ thuật Cơ khí,ky_thuat,
ME2y,Kỹ thuật Cơ khí,ky_thuat,
MED1,Y Khoa,y_te,
MEM1,Kỹ Thuật Cơ Điện Tử,ky_thuat,
MEM1-IMS,Kỹ Thuật Cơ Điện Tử (Hệ Thống Cơ Điện Tử Thông Minh),ky_thuat,
MEM2,Kỹ Thuật Cơ Khí,ky_thuat,
MEM2-IMD,Kỹ Thuật Cơ Khí (Thiết Kế Cơ Khí Thông Minh)*,ky_thuat,
MI-E22,Khoa học tính toán cho các hệ thống thông minh (mới) (CT tiên tiến),khoa_hoc_tu_nhien,
MI1,Toán-Tin,cntt,
MI1x,Toán-Tin,cntt,
MI1y,Toán-Tin,cntt,
MI2,Hệ thống Thông tin quản lý,kinh_te,
MI2x,Hệ thống Thông tin quản lý,kinh_te,
MI2y,Hệ thống Thông tin quản lý,kinh_te,
MIS01,Hệ thống thông tin quản lý,kinh_te,
MIS02,Chất lượng cao Hệ thống thông tin quản lý,kinh_te,
MIW,Hộ Sinh,y_te,
MK,Digital Marketing,kinh_te,
MKTH2,Chương trình ĐHNNQT Marketing số,kinh_te,
MS-E3,Khoa học và Kỹ thuật Vật liệu (CT tiên tiến),khoa_hoc_tu_nhien,
MS-E3x,Khoa học và Kỹ thuật Vật liệu (CT tiên tiến),khoa_hoc_tu_nhien,
MS-E3y,Khoa học và Kỹ thuật Vật liệu (CT tiên tiến),khoa_hoc_tu_nhien,
MS1,Kỹ thuật Vật liệu,khoa_hoc_tu_nhien,
MS1x,Kỹ thuật Vật liệu,khoa_hoc_tu_nhien,
MS1y,Kỹ thuật Vật liệu,khoa_hoc_tu_nhien,
MS2,Kỹ thuật Vi điện tử và Công nghệ nano,ky_thuat,
MS3,Công nghệ vật liệu Polyme và Compozit,khoa_hoc_tu_nhien,
MS5,Kỹ thuật In,san_xuat_che_bien,
MSE-AI,Vật Liệu Thông Minh Và Trí Tuệ Nhân Tạo,khoa_hoc_tu_nhien,
MSE-IC,Chip Bán Dẫn Và Công Nghệ Đóng Gói,dien_tu,
MSE1,Vật Liệu Tiên Tiến Và Công Nghệ Nano,khoa_hoc_tu_nhien,
MTT1,Kỹ Thuật Xét Nghiệm Y Học,ky_thuat,
NJR1,Điều Dưỡng,y_te,
NNAH1,CT TC Tiếng Anh thương mại,nhan_van,
NNAH2,Chương trình CLC Tiếng Anh Thương mại,nhan_van,
NNNH1,Chương trình tiêu chuẩn Tiếng Nhật thương mại,nhan_van,
NNNH2,Chương trình CLC ngành Tiếng Nhật thương mại,nhan_van,
NNPH1,CT Tích hợp tiếng Pháp thương mại,nhan_van,
NNPH2,Chương trình CLC Tiếng Pháp thương mại,nhan_van,
NNTH1,Chương trình tiêu chuẩn Tiếng Trung Thương mại,nhan_van,
NNTH2,CT CLC Tiếng Trung thương mại,nhan_van,
NS,An ninh Mạng *,an_ninh,
NT,CT ĐHNNQT Marketing số,kinh_te,
NTH01-01,Ngành Luật,phap_luat,
NTH01-02,Ngành Kinh tế; Kinh tế Quốc tế,kinh_te,
NTH02,"Quản trị kinh doanh, Kinh doanh quốc tế, Quản trị khách sạn",du_lich,
NTH03,Nhóm ngành (Tài chính - Ngân Hàng; Kế toán),kinh_te,
NTH04,Ngôn ngữ Anh,nhan_van,
NTH05,Ngôn Ngữ Pháp,nhan_van,
NTH06,Ngôn ngữ Trung,nhan_van,
NTH07,Ngôn ngữ Nhật,nhan_van,
NTH08,"Kế toán, Kinh doanh quốc tế",kinh_te,
NTH09,Ngành Kinh tế chính trị,kinh_te,
NTH10,Ngành Khoa học máy tính,cntt,
NUR1,Điều Dưỡng,y_te,
OHX07,Khoa học quản lý,khoa_hoc_xa_hoi,
OHX09,Lưu trữ học,truyen_thong,
OHX21,Tôn giáo học,nhan_van,
PAS1,Vật Lý Thiên Văn Và Khoa Học Dữ Liệu Không Gian*,khoa_hoc_tu_nhien,
PH1,Vật lý Kỹ thuật,khoa_hoc_tu_nhien,
PH1x,Vật lý Kỹ thuật,khoa_hoc_tu_nhien,
PH1y,Vật lý Kỹ thuật,khoa_hoc_tu_nhien,
PH2,Kỹ thuật Hạt nhân,khoa_hoc_tu_nhien,
PH2x,Kỹ thuật Hạt nhân,khoa_hoc_tu_nhien,
PH2y,Kỹ thuật Hạt nhân,khoa_hoc_tu_nhien,
PH3,Vật lý Y khoa,y_te,
PH3x,Vật lý Y khoa,y_te,
PH3y,Vật lý Y khoa,y_te,
PHA1,Dược Học,y_te,
POHE,Các chương trình định hướng ứng dụng (POHE - tiếng Anh hệ số 2),nhan_van,
POHE1,Quản trị khách sạn,du_lich,
POHE2,Quản trị lữ hành,du_lich,
POHE3,Truyền thông Marketing,truyen_thong,
POHE4,Luật kinh doanh,phap_luat,
POHE5,Quản trị kinh doanh thương mại,kinh_te,
POHE6,Quản lý thị trường,kinh_te,
POHE7,Thẩm định giá,kinh_te,
POHEI,Quản trị khách sạn,du_lich,
PR,Quan hệ Công chúng *,truyen_thong,
QHE40,Ngành Quản trị kinh doanh,kinh_te,
QHE41,Ngành Tài chính – Ngân hàng,kinh_te,
QHE42,Ngành Kế toán,kinh_te,
QHE43,Ngành Kinh tế quốc tế,kinh_te,
QHE44,Ngành Kinh tế,kinh_te,
QHE45,Ngành Kinh tế phát triển,kinh_te,
QHE80,"Quản trị kinh doanh (do Đại học Troy, Hoa Kỳ cấp bằng)",kinh_te,
QHE89,"Quản trị kinh doanh (do Đại học St.Francis, Hoa Kỳ cấp bằng)",kinh_te,
QHQ01,Kinh doanh quốc tế,kinh_te,
QHQ02,"Kế toán, Phân tích và Kiểm toán",kinh_te,
QHQ03,Hệ thống thông tin quản lý,kinh_te,
QHQ04,Tin học và Kỹ thuật máy tính,cntt,
QHQ05,Phân tích dữ liệu kinh doanh,kinh_te,
QHQ06,Marketing (đồng cấp bằng),kinh_te,
QHQ07,Quản lý (đồng cấp bằng),kinh_te,
QHQ08,Tự động hóa và Tin học,dien_tu,
QHQ09,Ngôn ngữ Anh,nhan_van,
QHQ10,Công nghệ thông tin ứng dụng,cntt,
QHQ11,Công nghệ tài chính và Kinh doanh số,kinh_te,
QHQ12,Kỹ thuật hệ thống công nghiệp và Logistics,kinh_te,
QHQ13,Kinh doanh số,kinh_te,
QHQ14,Truyền thông số,truyen_thong,
QHQ80,"Quản lý(Liên kết quốc tế do ĐH Keuka, Hoa Kỳ cấp bằng)",kinh_te,
QHS01,Sư phạm Toán học,giao_duc,
QHS02,Sư phạm Vật lí,giao_duc,
QHS03,Sư phạm Hoá học,khoa_hoc_tu_nhien,
QHS04,Sư phạm Sinh học,giao_duc,
QHS05,Sư phạm Khoa học Tự nhiên,khoa_hoc_tu_nhien,
QHS06,Sư phạm Ngữ văn,giao_duc,
QHS07,Sư phạm Lịch sử,giao_duc,
QHS08,Sư phạm Lịch sử - Địa lý,giao_duc,
QHS09,Giáo dục Mầm non,giao_duc,
QHS10,Giáo dục Tiểu học,giao_duc,
QHS11,Khoa học giáo dục và khác,khoa_hoc_tu_nhien,
QHS12,Tâm lý học và tâm lý học giáo dục,giao_duc,
QHT01,Toán học,toan_va_thong_ke,
QHT02,Toán tin,cntt,
QHT03,Vật lý học,khoa_hoc_tu_nhien,
QHT04,Khoa học vật liệu,khoa_hoc_tu_nhien,
QHT05,Công nghệ kỹ thuật hạt nhân,khoa_hoc_tu_nhien,
QHT06,Hóa học,khoa_hoc_tu_nhien,
QHT07,Công nghệ kỹ thuật hóa học,khoa_hoc_tu_nhien,
QHT08,Sinh học,khoa_hoc_su_song,
QHT09,Công nghệ sinh học,khoa_hoc_su_song,
QHT10,Địa lý tự nhiên,khoa_hoc_tu_nhien,
QHT12,Quản lý đất đai,kinh_te,
QHT13,Khoa học môi trường,moi_truong,
QHT15,Công nghệ kỹ thuật môi trường,moi_truong,
QHT16,Khí tượng và khí hậu học,khoa_hoc_tu_nhien,
QHT17,Hải dương học,khoa_hoc_tu_nhien,
QHT18,Địa chất học,khoa_hoc_tu_nhien,
QHT20,Quản lý tài nguyên và môi trường,moi_truong,
QHT40,Hóa học,khoa_hoc_tu_nhien,
QHT41,Hóa học,khoa_hoc_tu_nhien,
QHT42,Hóa học,khoa_hoc_tu_nhien,
QHT43,Hóa dược,y_te,
QHT44,Sinh học,khoa_hoc_su_song,
QHT46,Công nghệ kỹ thuật môi trường,moi_truong,
QHT81,Sinh dược học,y_te,
QHT82,"Môi trường, sức khỏe và an toàn",moi_truong,
QHT91,Khoa học thông tin địa không gian,khoa_hoc_tu_nhien,
QHT92,Tài nguyên và môi trường nước,moi_truong,
QHT93,Khoa học dữ liệu,khoa_hoc_tu_nhien,
QHT94,Kỹ thuật điện tử và tin học,dien_tu,
QHT95,Quản lý phát triển đô thị và bất động sản,kinh_te,
QHT96,Khoa học và công nghệ thực phẩm,san_xuat_che_bien,
QHT97,Công nghệ quan trắc và giám sát tài nguyên môi trường,moi_truong,
QHT98,Khoa học máy tính và thông tin,cntt,
QHT99,Công nghệ Bán dẫn (thuộc ngành Khoa học vật liệu),khoa_hoc_tu_nhien,
QHX01,Báo chí,truyen_thong,
QHX02,Chính trị học,khoa_hoc_xa_hoi,
QHX03,Công tác xã hội,khoa_hoc_xa_hoi,
QHX04,"Điện ảnh và nghệ thuật đại chúng (ngành Lý luận, lịch sử và phê bình điện ảnh, truyền hình) (dự kiến)",nghe_thuat,
QHX05,Đông Nam Á học,nhan_van,
QHX06,Đông phương học,nhan_van,
QHX07,Hán Nôm,nhan_van,
QHX08,Hàn Quốc học,nhan_van,
QHX09,Khoa học quản lý,khoa_hoc_xa_hoi,
QHX10,Lịch sử,nhan_van,
QHX11,Lưu trữ học,truyen_thong,
QHX12,Ngôn ngữ học,nhan_van,
QHX13,Nhân học,khoa_hoc_xa_hoi,
QHX14,Nhật Bản học,nhan_van,
QHX15,Quan hệ công chúng,truyen_thong,
QHX16,Quản lý thông tin,kinh_te,
QHX17,Quản trị dịch vụ du lịch và lữ hành,du_lich,
QHX18,Quản trị khách sạn,du_lich,
QHX19,Quản trị văn phòng,kinh_te,
QHX20,Quốc tế học,nhan_van,
QHX21,Tâm lý học,y_te,
QHX22,Thông tin - Thư viện,truyen_thong,
QHX23,Tôn giáo học,nhan_van,
QHX24,Triết học,nhan_van,
QHX25,Văn hóa học,khoa_hoc_tu_nhien,
QHX26,Văn học,nhan_van,
QHX27,Việt Nam học,nhan_van,
QHX28,Xã hội học,khoa_hoc_xa_hoi,
QHX29,Truyền thông đa phương tiện,truyen_thong,
QHX40,Báo chí,truyen_thong,
QHX41,Khoa học quản lý,khoa_hoc_xa_hoi,
QHX42,Quản lý thông tin,kinh_te,
QHX43,Quốc tế học,nhan_van,
QKSH2,Chương trình ĐHNNQT Quản trị khách sạn,du_lich,
QS,"Kỹ sư quân sự (miền Bắc, thí sinh Nam)",an_ninh,
QTKH1,Chương trình tiêu chuẩn Quản trị kinh doanh quốc tế,kinh_te,
QTKH2,Chương trình CLC Quản trị kinh doanh quốc tế,kinh_te,
QTKH4,Chương trình tiên tiến Quản trị kinh doanh quốc tế,kinh_te,
RET1,Kỹ Thuật Phục Hồi Chức Năng,ky_thuat,
RTS1,Kỹ Thuật Hình Ảnh Y Học,ky_thuat,
SE,Kỹ thuật Phần mềm,ky_thuat,
TCHH1,Chương trình tiêu chuẩn Tài chính quốc tế,kinh_te,
TCHH2,Chương trình CLC Ngân hàng và Tài chính quốc tế,kinh_te,
TCHH4,Chương trình tiên tiến Tài chính - Ngân hàng,kinh_te,
TE-E2,Kỹ thuật Ô tô (CT tiên tiến),ky_thuat,
TE-E2x,Kỹ thuật Ô tô (CT tiên tiến),ky_thuat,
TE-E2y,Kỹ thuật Ô tô (CT tiên tiến),ky_thuat,
TE-EP,Cơ khí Hàng không (CT Việt - Pháp PFIEV),ky_thuat,
TE-Epx,Cơ khí hàng không (Chương trình Việt - Pháp PFIEV),ky_thuat,
TE-Epy,Cơ khí hàng không (Chương trình Việt - Pháp PFIEV),ky_thuat,
TE1,Kỹ thuật Ô tô,ky_thuat,
TE1x,Kỹ thuật Ô tô,ky_thuat,
TE1y,Kỹ thuật Ô tô,ky_thuat,
TE2,Kỹ thuật Cơ khí động lực,ky_thuat,
TE2x,Kỹ thuật Cơ khí động lực,ky_thuat,
TE2y,Kỹ thuật Cơ khí động lực,ky_thuat,
TE3,Kỹ thuật Hàng không,ky_thuat,
TE3x,Kỹ thuật Hàng không,ky_thuat,
TE3y,Kỹ thuật Hàng không,ky_thuat,
TLA101,Xây dựng và quản lý công trình thủy (Kỹ thuật xây dựng công trình thủy),xay_dung,
TLA102,Kỹ thuật tài nguyên nước,ky_thuat,
TLA103,Tài nguyên nước và môi trường (Thủy văn học),moi_truong,
TLA104,Kỹ thuật xây dựng dân dụng và công nghiệp (Kỹ thuật xây dựng),xay_dung,
TLA105,Kỹ thuật cơ khí,ky_thuat,
TLA106,Công nghệ thông tin,cntt,
TLA107,Xây dựng và quản lý cấp thoát nước đô thị (Kỹ thuật cấp thoát nước),xay_dung,
TLA109,Kỹ thuật môi trường,moi_truong,
TLA110,Xây dựng và quản lý hạ tầng đô thị (Kỹ thuật cơ sở hạ tầng),xay_dung,
TLA111,Công nghệ kỹ thuật xây dựng,xay_dung,
TLA112,Kỹ thuật điện,ky_thuat,
TLA113,"Kỹ thuật xây dựng công trình giao thông (gồm các chương trình: Kỹ thuật xây dựng cầu, đường bộ; Kỹ thuật xây dựng Đường sắt tốc độ cao và đường sắt đô thị)",xay_dung,
TLA114,Quản lý xây dựng,xay_dung,
TLA116,Hệ thống thông tin,cntt,
TLA117,Kỹ thuật phần mềm,ky_thuat,
TLA118,Kỹ thuật hóa học,khoa_hoc_tu_nhien,
TLA119,Công nghệ sinh học,khoa_hoc_su_song,
TLA120,Kỹ thuật cơ điện tử,ky_thuat,
TLA121,Kỹ thuật điều khiển và tự động hóa,dien_tu,
TLA122,Công nghệ cơ khí tự động hóa (Công nghệ chế tạo máy),dien_tu,
TLA123,Kỹ thuật Ô tô,ky_thuat,
TLA124,Kỹ thuật điện tử - viễn thông (gồm các chương trình: Kỹ thuật điện tử - viễn thông; Công nghệ bán dẫn và thiết kế vi mạch),dien_tu,
TLA126,Trí tuệ nhân tạo và khoa học dữ liệu,khoa_hoc_tu_nhien,
TLA127,An ninh mạng,an_ninh,
TLA128,Kỹ thuật Robot và Điều khiển thông minh,dien_tu,
TLA129,Chương trình Công nghệ chăm sóc sắc đẹp và sức khỏe từ dược liệu,y_te,
TLA130,Chương trình Kỹ thuật xe năng lượng mới thông minh,ky_thuat,
TLA201,Chương trình tiên tiến ngành Kỹ thuật và quản lý xây dựng (*),xay_dung,
TLA202,Chương trình tiên tiến ngành Kỹ thuật và quản lý tài nguyên nước(**),ky_thuat,
TLA203,Ngôn ngữ Anh,nhan_van,
TLA204,Ngôn ngữ Trung Quốc,nhan_van,
TLA301,Luật,phap_luat,
TLA302,Luật kinh tế,phap_luat,
TLA401,Kinh tế,kinh_te,
TLA402,Quản trị kinh doanh,kinh_te,
TLA403,Kế toán,kinh_te,
TLA404,Kinh tế xây dựng,xay_dung,
TLA405,Thương mại điện tử,dien_tu,
TLA406,Quản trị dịch vụ du lịch và lữ hành,du_lich,
TLA407,Logistics và quản lý chuỗi cung ứng,kinh_te,
TLA408,Tài chính – Ngân hàng,kinh_te,
TLA409,Kiểm toán,kinh_te,
TLA410,Kinh tế số,kinh_te,
TLA411,Chương trình Kế toán tích hợp chứng chỉ quốc tế,kinh_te,
TLA412,Chương trình Công nghệ tài chính,kinh_te,
TLA413,Kinh doanh thương mại,kinh_te,
TM01,Quản trị kinh doanh,kinh_te,
TM02,Quản trị kinh doanh - Chương trình định hướng chuyên sâu nghề nghiệp quốc tế - IPOP,kinh_te,
TM03,Quản trị kinh doanh (Khởi nghiệp và phát triển kinh doanh),kinh_te,
TM04,Quản trị khách sạn,du_lich,
TM05,Quản trị khách sạn (Quản trị khách sạn - Chương trình định hướng chuyên sâu nghề nghiệp quốc tế - IPOP),du_lich,
TM06,Quản trị dịch vụ du lịch và lữ hành,du_lich,
TM07,Marketing (Marketing Thương mại),kinh_te,
TM08,Marketing (Marketing thương mại - Chương trình định hướng chuyên sâu nghề nghiệp quốc tế - IPOP),kinh_te,
TM09,Marketing (Marketing số),kinh_te,
TM10,Marketing (Quản trị Thương hiệu),kinh_te,
TM11,Marketing (Quản trị thương hiệu - Chương trình định hướng chuyên sâu nghề nghiệp quốc tế - IPOP),kinh_te,
TM12,Kế toán (Kế toán doanh nghiệp),kinh_te,
TM13,Kế toán (Kế toán tích hợp chứng chỉ quốc tế ICAEW CFAB - Chương trình định hướng chuyên sâu nghề nghiệp quốc tế - IPOP),kinh_te,
TM14,Kế toán (Kế toán công),kinh_te,
TM15,Kiểm toán (Kiểm toán),kinh_te,
TM16,Kiểm toán (Kiểm toán tích hợp chứng chỉ quốc tế ICAEW CFAB - Chương trình định hướng chuyên sâu nghề nghiệp quốc tế - IPOP),kinh_te,
TM17,Logistics và Quản lý chuỗi cung ứng (Logistics và Quản lý chuỗi cung ứng),kinh_te,
TM18,Logistics và Quản lý chuỗi cung ứng (Logistics và Xuất nhập khẩu - Chương trình định hướng chuyên sâu nghề nghiệp quốc tế - IPOP),kinh_te,
TM19,Kinh doanh quốc tế (Thương mại quốc tế),kinh_te,
TM20,Kinh doanh quốc tế (Thương mại quốc tế - Chương trình định hướng chuyên sâu nghề nghiệp quốc tế - IPOP),kinh_te,
TM21,Kinh tế quốc tế,kinh_te,
TM22,Kinh tế (Quản lý kinh tế),kinh_te,
TM23,Kinh tế (Kinh tế và Quản lý đầu tư - Chương trình định hướng chuyên sâu nghề nghiệp quốc tế - IPOP),kinh_te,
TM24,Tài chính - Ngân hàng (Tài chính - Ngân hàng thương mại),kinh_te,
TM25,Tài chính - Ngân hàng (Tài chính - Ngân hàng thương mại - Chương trình định hướng chuyên sâu nghề nghiệp quốc tế - IPOP),kinh_te,
TM26,Tài chính - Ngân hàng (Tài chính công),kinh_te,
TM27,Tài chính - Ngân hàng (Công nghệ tài chính ngân hàng),kinh_te,
TM28,Thương mại điện tử (Quản trị thương mại điện tử),dien_tu,
TM29,Thương mại điện tử (Thương mại điện tử - Chương trình định hướng chuyên sâu nghề nghiệp quốc tế - IPOP),dien_tu,
TM30,Thương mại điện tử (Kinh doanh số),dien_tu,
TM31,Hệ thống thông tin quản lý (Quản trị Hệ thống thông tin),kinh_te,
TM32,Hệ thống thông tin quản lý (Quản trị Hệ thống thông tin - Chương trình định hướng chuyên sâu nghề nghiệp quốc tế - IPOP),kinh_te,
TM33,Ngôn ngữ Anh (Tiếng Anh thương mại),nhan_van,
TM34,Luật kinh tế (Luật kinh tế),phap_luat,
TM35,Luật kinh tế (Luật kinh doanh - Chương trình định hướng chuyên sâu nghề nghiệp quốc tế - IPOP),phap_luat,
TM36,Luật kinh tế (Luật thương mại quốc tế),phap_luat,
TM37,Quản trị nhân lực (Quản trị nhân lực doanh nghiệp),kinh_te,
TM38,Quản trị nhân lực (Quản trị nhân lực doanh nghiệp - Chương trình định hướng chuyên sâu nghề nghiệp quốc tế - IPOP),kinh_te,
TM39,Kinh tế số (Phân tích kinh doanh trong môi trường số),moi_truong,
TM40,Ngôn ngữ Trung Quốc (Tiếng Trung thương mại),nhan_van,
TM41,Ngôn ngữ Trung Quốc (Tiếng Trung thương mại - Chương trình định hướng chuyên sâu nghề nghiệp quốc tế - IPOP),nhan_van,
TM42,Quản trị kinh doanh (Tiếng Pháp thương mại),kinh_te,
TM43,Quản trị kinh doanh (Quản trị kinh doanh) - Khởi nghiệp (Thành lập doanh nghiệp) - Chương trình đào tạo song bằng quốc tế,kinh_te,
TM44,Marketing (Marketing thương mại) - Thương mại sản phẩm và dịch vụ (Bán hàng) - Chương trình đào tạo song bằng quốc tế,kinh_te,
TM45,Quản trị kinh doanh (Quản trị kinh doanh - Chương trình đào tạo tiến tiến),kinh_te,
TM46,Logistics và quản lý chuỗi cung ứng (Logistics và quản lý chuỗi cung ứng) - Thương mại và phân phối (Quản lý chuỗi cung ứng và phân phối) - Chương trình đào tạo song bằng quốc tế,kinh_te,
TM47,"Kế toán (Kế toán tích hợp chứng chỉ quốc tế ICAEW CFAB) - Bảo hiểm, ngân hàng, tài chính: Quan hệ khách hàng (Thương mại sản phẩm ngân hàng và dịch vụ tài chính) - Chương trình đào tạo song bằng quốc tế",kinh_te,
TM48,Logistics và Quản lý chuỗi cung ứng (Logistics và Quản lý vận tải đa phương thức - Chương trình định hướng chuyên sâu nghề nghiệp quốc tế - IPOP),van_tai,
TM49,Kinh tế số (Phân tích dữ liệu trong kinh tế và kinh doanh - Chương trình định hướng chuyên sâu nghề nghiệp quốc tế - IPOP),kinh_te,
TM50,Quản trị dịch vụ du lịch và lữ hành (Quản trị sự kiện và dịch vụ giải trí - Chương trình định hướng chuyên sâu nghề nghiệp quốc tế - IPOP),du_lich,
TM51,Khoa học máy tính (Ứng dụng trí tuệ nhân tạo trong kinh doanh),cntt,
TROY-BA,Quản trị Kinh doanh,kinh_te,
TROY-Bax,Quản trị Kinh doanh,kinh_te,
TROY-Bay,Quản trị Kinh doanh,kinh_te,
TROY-IT,Khoa học Máy tính - ĐH Troy (Hoa Kỳ) (do ĐH Troy cấp bằng),cntt,
TROY-ITx,Khoa học Máy tính - ĐH Troy (Hoa Kỳ) (do ĐH Troy cấp bằng),cntt,
TROY-ITy,Khoa học Máy tính - ĐH Troy (Hoa Kỳ) (do ĐH Troy cấp bằng),cntt,
TT1,Quản trị kinh doanh,kinh_te,
TT1-01,(1) Kế toán,kinh_te,
TT1-02,(2) Kế hoạch tài chính,kinh_te,
TT1-03,(3) Quản trị kinh doanh,kinh_te,
TT2,Kinh doanh quốc tế,kinh_te,
TT2-01,(1) Tài chính,kinh_te,
TT2-02,(2) Kinh doanh quốc tế,kinh_te,
TX1,Công nghệ Dệt May,san_xuat_che_bien,
TX1x,Công nghệ Dệt May,san_xuat_che_bien,
TX1y,Công nghệ Dệt May,san_xuat_che_bien,
VEE1,Kỹ Thuật Ô Tô,ky_thuat,
VEE2,Cơ Điện Tử Ô Tô,ky_thuat,
VEE3,Kỹ Thuật Phần Mềm Ô Tô,ky_thuat,
XDA01,Kiến trúc,xay_dung,
XDA02,Kiến trúc,xay_dung,
XDA03,Kiến trúc,xay_dung,
XDA04,Kiến trúc,xay_dung,
XDA05,Quy hoạch vùng và đô thị,xay_dung,
XDA06,Kiến trúc,xay_dung,
XDA07,Kỹ thuật xây dựng,xay_dung,
XDA08,Kỹ thuật xây dựng,xay_dung,
XDA09,Kỹ thuật xây dựng,xay_dung,
XDA10,Công nghệ kỹ thuật xây dựng,xay_dung,
XDA11,Kỹ thuật xây dựng,xay_dung,
XDA12,Kỹ thuật Cấp thoát nước/ Kỹ thuật nước - Môi trường nước,xay_dung,
XDA13,Kỹ thuật Môi trường,moi_truong,
XDA14,Kỹ thuật vật liệu,khoa_hoc_tu_nhien,
XDA15,Công nghệ kỹ thuật vật liệu xây dựng,xay_dung,
XDA16,Công nghệ thông tin,cntt,
XDA17,Khoa học máy tính,cntt,
XDA18,Kỹ thuật cơ khí,ky_thuat,
XDA19,Kỹ thuật cơ khí,ky_thuat,
XDA20,Kỹ thuật cơ khí,ky_thuat,
XDA21,Kỹ thuật cơ khí,ky_thuat,
XDA22,Kỹ thuật cơ khí,ky_thuat,
XDA23,Kinh tế xây dựng,xay_dung,
XDA24,Quản lý xây dựng/ Kinh tế và quản lý đô thị,xay_dung,
XDA25,Quản lý xây dựng/ Kinh tế và quản lý bất động sản,xay_dung,
XDA26,Logistics và Quản lý chuỗi cung ứng (*),kinh_te,
XDA27,Kỹ thuật xây dựng,xay_dung,
XDA28,Khoa học máy tính,cntt,
XDA29,"Quản lý xây dựng/ Quản lý hạ tầng, đất đai đô thị (*)",xay_dung,
